date,open,high,low,close,volume
2021-05-11,29.020000457763672,32.310001373291016,28.690000534057617,32.11000061035156,29951300
2021-05-12,30.100000381469727,30.559999465942383,27.809999465942383,28.1299991607666,34045700
2021-05-13,29.530000686645508,30.5,28.299999237060547,29.329999923706055,25520000
2021-05-14,30.489999771118164,32.68000030517578,29.579999923706055,31.93000030517578,21881300
2021-05-17,30.979999542236328,31.100000381469727,29.43000030517578,31.100000381469727,19224800
2021-05-18,31.709999084472656,32.08000183105469,30.219999313354492,30.290000915527344,15262600
2021-05-19,28.459999084472656,32.16999816894531,28.219999313354492,32.04999923706055,29208700
2021-05-20,32.75,34.97999954223633,32.66999816894531,34.63999938964844,28593200
2021-05-21,35.29999923706055,35.34000015258789,33.810001373291016,34.13999938964844,25100300
2021-05-24,35.0,37.13999938964844,34.90999984741211,36.529998779296875,21577500
2021-05-25,37.33000183105469,37.75,36.2400016784668,36.939998626708984,19468200
2021-05-26,37.029998779296875,37.68000030517578,36.189998626708984,37.18000030517578,13436700
2021-05-27,36.880001068115234,38.2599983215332,36.709999084472656,37.86000061035156,16449400
2021-05-28,38.06999969482422,39.27000045776367,37.880001068115234,38.779998779296875,15891400
2021-06-01,39.52000045776367,40.540000915527344,37.7400016784668,38.34000015258789,18159400
2021-06-02,38.27000045776367,39.58000183105469,37.90999984741211,39.189998626708984,12370500
2021-06-03,37.83000183105469,38.279998779296875,36.52000045776367,37.119998931884766,16945800
2021-06-04,38.08000183105469,39.9900016784668,38.04999923706055,39.7400016784668,15960500
2021-06-07,39.2599983215332,39.439998626708984,38.150001525878906,38.90999984741211,11453800
2021-06-08,39.79999923706055,39.970001220703125,37.29999923706055,38.16999816894531,13475800
2021-06-09,38.560001373291016,38.88999938964844,37.619998931884766,37.70000076293945,11721000
2021-06-10,37.79999923706055,39.369998931884766,37.52000045776367,39.040000915527344,17601900
2021-06-11,39.04999923706055,39.4900016784668,38.56999969482422,39.4900016784668,7971500
2021-06-14,39.810001373291016,41.16999816894531,39.060001373291016,41.16999816894531,18513300
2021-06-15,40.79999923706055,41.599998474121094,39.7400016784668,40.040000915527344,13301400
2021-06-16,40.4900016784668,40.88999938964844,38.06999969482422,39.18000030517578,18089300
2021-06-17,38.689998626708984,41.16999816894531,38.650001525878906,40.310001373291016,18466200
2021-06-18,39.290000915527344,39.58000183105469,36.75,37.31999969482422,21346600
2021-06-21,37.54999923706055,38.15999984741211,36.59000015258789,38.119998931884766,12722000
2021-06-22,37.900001525878906,38.83000183105469,37.400001525878906,38.599998474121094,10500400
2021-06-23,38.599998474121094,39.630001068115234,38.599998474121094,39.04999923706055,8615400
2021-06-24,39.880001068115234,41.22999954223633,39.880001068115234,41.08000183105469,12716800
2021-06-25,41.16999816894531,41.689998626708984,40.290000915527344,40.65999984741211,9244100
2021-06-28,41.5,44.08000183105469,41.45000076293945,43.650001525878906,18209300
2021-06-29,43.310001373291016,44.689998626708984,42.880001068115234,44.63999938964844,13090200
2021-06-30,44.369998931884766,44.72999954223633,43.66999816894531,44.540000915527344,9830900
2021-07-01,44.150001525878906,44.369998931884766,42.130001068115234,42.56999969482422,11578200
2021-07-02,43.56999969482422,43.70000076293945,42.25,43.31999969482422,10933300
2021-07-06,43.63999938964844,44.13999938964844,41.36000061035156,43.040000915527344,10020300
2021-07-07,43.79999923706055,43.90999984741211,40.689998626708984,41.2400016784668,10623800
2021-07-08,38.54999923706055,40.380001068115234,37.7599983215332,39.779998779296875,14764300
2021-07-09,40.18000030517578,41.939998626708984,39.25,41.77000045776367,9799600
2021-07-12,42.15999984741211,43.33000183105469,41.810001373291016,43.33000183105469,9021800
2021-07-13,42.75,43.31999969482422,42.099998474121094,42.619998931884766,9289300
2021-07-14,43.540000915527344,44.790000915527344,41.86000061035156,42.15999984741211,15361500
2021-07-15,41.790000915527344,41.79999923706055,38.54999923706055,39.41999816894531,14968000
2021-07-16,40.029998779296875,40.45000076293945,36.59000015258789,36.7599983215332,14425600
2021-07-19,35.209999084472656,36.93000030517578,34.709999084472656,36.84000015258789,17527800
2021-07-20,37.2400016784668,39.08000183105469,35.849998474121094,38.34000015258789,12487200
2021-07-21,38.66999816894531,41.849998474121094,38.599998474121094,41.849998474121094,12599700
2021-07-22,40.900001525878906,41.619998931884766,39.900001525878906,40.7400016784668,8148900
2021-07-23,41.290000915527344,41.61000061035156,39.95000076293945,41.54999923706055,8740400
2021-07-26,40.58000183105469,41.790000915527344,40.58000183105469,41.45000076293945,7703500
2021-07-27,40.79999923706055,40.849998474121094,36.709999084472656,39.150001525878906,17917400
2021-07-28,39.540000915527344,41.5,39.02000045776367,41.18000030517578,12983000
2021-07-29,41.22999954223633,43.689998626708984,41.22999954223633,43.45000076293945,15318400
2021-07-30,42.189998626708984,44.5,42.06999969482422,44.38999938964844,13599200
2021-08-02,45.189998626708984,46.88999938964844,44.880001068115234,45.209999084472656,17018600
2021-08-03,45.290000915527344,45.97999954223633,43.61000061035156,45.970001220703125,10801400
2021-08-04,46.15999984741211,48.150001525878906,46.04999923706055,47.61000061035156,13768900
2021-08-05,48.16999816894531,48.189998626708984,46.439998626708984,47.16999816894531,8580700
2021-08-06,46.33000183105469,47.27000045776367,46.20000076293945,46.630001068115234,6202000
2021-08-09,46.900001525878906,47.27000045776367,45.540000915527344,46.150001525878906,5943700
2021-08-10,46.369998931884766,46.56999969482422,43.5,44.45000076293945,9994500
2021-08-11,45.060001373291016,45.119998931884766,42.43000030517578,44.16999816894531,10016600
2021-08-12,43.439998626708984,43.5,41.560001373291016,42.619998931884766,9746100
2021-08-13,42.5,43.599998474121094,42.290000915527344,43.47999954223633,7655800
2021-08-16,42.90999984741211,43.43000030517578,41.93000030517578,43.0099983215332,6658600
2021-08-17,41.93000030517578,41.95000076293945,39.34000015258789,40.459999084472656,13983700
2021-08-18,40.290000915527344,40.959999084472656,38.58000183105469,38.65999984741211,10760100
2021-08-19,38.18000030517578,40.2599983215332,37.13999938964844,39.630001068115234,14855300
2021-08-20,39.959999084472656,40.75,39.0099983215332,40.43000030517578,10732300
2021-08-23,41.400001525878906,43.790000915527344,41.400001525878906,43.689998626708984,12229000
2021-08-24,43.97999954223633,44.439998626708984,43.380001068115234,43.72999954223633,8557100
2021-08-25,44.18000030517578,45.650001525878906,44.11000061035156,44.779998779296875,10125800
2021-08-26,44.52000045776367,45.33000183105469,43.709999084472656,44.68000030517578,9529400
2021-08-27,44.849998474121094,47.5,44.689998626708984,47.29999923706055,12358300
2021-08-30,47.779998779296875,49.0,47.130001068115234,47.7400016784668,10291100
2021-08-31,47.77000045776367,47.970001220703125,45.369998931884766,46.54999923706055,9620800
2021-09-01,47.22999954223633,47.29999923706055,45.83000183105469,45.959999084472656,7246900
2021-09-02,46.349998474121094,46.720001220703125,45.70000076293945,46.29999923706055,7168600
2021-09-03,46.13999938964844,47.849998474121094,45.959999084472656,47.2400016784668,7374000
2021-09-07,47.36000061035156,47.40999984741211,45.91999816894531,46.77000045776367,5660800
2021-09-08,46.099998474121094,46.369998931884766,43.7599983215332,44.95000076293945,11787400
2021-09-09,44.90999984741211,46.2599983215332,44.88999938964844,45.54999923706055,8643000
2021-09-10,46.63999938964844,48.630001068115234,46.5099983215332,46.59000015258789,14399600
2021-09-13,47.79999923706055,48.16999816894531,45.93000030517578,47.869998931884766,11356400
2021-09-14,48.400001525878906,48.970001220703125,47.13999938964844,47.869998931884766,10129200
2021-09-15,48.060001373291016,48.70000076293945,46.7599983215332,48.59000015258789,9321800
2021-09-16,47.7400016784668,49.529998779296875,47.02000045776367,49.06999969482422,9094400
2021-09-17,48.63999938964844,48.650001525878906,45.970001220703125,46.75,14478900
2021-09-20,43.75,44.20000076293945,41.15999984741211,43.29999923706055,19454600
2021-09-21,44.040000915527344,44.52000045776367,42.349998474121094,43.599998474121094,9972400
2021-09-22,44.459999084472656,46.56999969482422,44.0099983215332,46.2599983215332,11093200
2021-09-23,46.88999938964844,48.54999923706055,46.41999816894531,48.099998474121094,11819600
2021-09-24,46.86000061035156,48.22999954223633,46.779998779296875,47.95000076293945,7465000
2021-09-27,46.52000045776367,48.18000030517578,45.560001373291016,47.689998626708984,10241300
2021-09-28,44.900001525878906,45.790000915527344,42.04999923706055,42.22999954223633,23988000
2021-09-29,42.560001373291016,42.68000030517578,39.779998779296875,40.119998931884766,19889700
2021-09-30,41.060001373291016,41.95000076293945,40.0,40.040000915527344,14470200
2021-10-01,40.5,40.70000076293945,38.060001373291016,40.06999969482422,16368700
2021-10-04,39.310001373291016,39.52000045776367,36.56999969482422,37.02000045776367,20555400
2021-10-05,37.599998474121094,39.38999938964844,37.2599983215332,38.650001525878906,15194100
2021-10-06,37.31999969482422,39.13999938964844,36.91999816894531,39.060001373291016,16403200
2021-10-07,40.529998779296875,42.029998779296875,40.27000045776367,40.38999938964844,13234300
2021-10-08,40.900001525878906,41.06999969482422,39.08000183105469,39.33000183105469,10297000
2021-10-11,38.7599983215332,40.38999938964844,38.36000061035156,38.380001068115234,9446400
2021-10-12,39.209999084472656,39.310001373291016,36.470001220703125,37.04999923706055,19847400
2021-10-13,37.70000076293945,38.29999923706055,37.2400016784668,37.650001525878906,11660600
2021-10-14,39.63999938964844,41.08000183105469,39.34000015258789,41.04999923706055,14800900
2021-10-15,42.029998779296875,42.290000915527344,41.29999923706055,41.84000015258789,10988500
2021-10-18,41.13999938964844,42.970001220703125,40.439998626708984,42.86000061035156,8498200
2021-10-19,43.11000061035156,44.47999954223633,42.630001068115234,44.43000030517578,11476200
2021-10-20,44.130001068115234,44.72999954223633,43.630001068115234,44.20000076293945,9908200
2021-10-21,43.33000183105469,45.720001220703125,43.29999923706055,45.59000015258789,10019700
2021-10-22,44.84000015258789,46.22999954223633,43.77000045776367,44.04999923706055,12691700
2021-10-25,44.599998474121094,45.66999816894531,44.15999984741211,45.060001373291016,9706700
2021-10-26,46.02000045776367,46.45000076293945,44.540000915527344,44.959999084472656,12067800
2021-10-27,44.22999954223633,45.61000061035156,43.560001373291016,44.09000015258789,13076300
2021-10-28,45.84000015258789,47.099998474121094,45.56999969482422,47.0,15904400
2021-10-29,45.970001220703125,47.650001525878906,45.619998931884766,47.650001525878906,12735000
2021-11-01,47.790000915527344,49.959999084472656,47.45000076293945,49.959999084472656,14647400
2021-11-02,49.81999969482422,51.81999969482422,49.810001373291016,51.81999969482422,12421100
2021-11-03,52.06999969482422,53.810001373291016,51.41999816894531,53.66999816894531,11472200
2021-11-04,55.41999816894531,59.83000183105469,54.56999969482422,59.08000183105469,20539200
2021-11-05,60.040000915527344,62.400001525878906,59.209999084472656,60.90999984741211,19536100
2021-11-08,62.099998474121094,64.70999908447266,61.4900016784668,63.540000915527344,15603900
2021-11-09,65.2699966430664,65.62999725341797,61.40999984741211,63.400001525878906,16385900
2021-11-10,60.04999923706055,62.5,57.06999969482422,57.95000076293945,17648300
2021-11-11,60.720001220703125,61.9900016784668,59.369998931884766,61.63999938964844,13055700
2021-11-12,62.220001220703125,64.25,61.16999816894531,63.349998474121094,13052700
2021-11-15,64.7300033569336,64.73999786376953,61.2599983215332,63.20000076293945,11837400
2021-11-16,62.380001068115234,66.43000030517578,62.0099983215332,66.1500015258789,12693000
2021-11-17,66.0,66.12999725341797,63.70000076293945,64.5199966430664,11636600
2021-11-18,67.87000274658203,68.9000015258789,66.02999877929688,67.9800033569336,14102700
2021-11-19,67.86000061035156,69.87000274658203,66.87999725341797,68.61000061035156,14527400
2021-11-22,69.54000091552734,72.48999786376953,65.2300033569336,65.43000030517578,16809800
2021-11-23,64.83000183105469,66.61000061035156,61.349998474121094,64.73999786376953,16233700
2021-11-24,62.9900016784668,66.9000015258789,61.209999084472656,66.87999725341797,14762200
2021-11-26,63.099998474121094,64.9800033569336,59.849998474121094,61.369998931884766,14919700
2021-11-29,63.95000076293945,68.68000030517578,63.220001220703125,68.41000366210938,18352700
2021-11-30,67.27999877929688,69.33999633789062,62.88999938964844,64.66999816894531,22246300
2021-12-01,67.54000091552734,70.95999908447266,63.04999923706055,63.15999984741211,24798700
2021-12-02,61.2599983215332,64.73999786376953,59.68000030517578,63.25,21014200
2021-12-03,65.9000015258789,67.94999694824219,60.70000076293945,62.93000030517578,18842800
2021-12-06,62.060001373291016,63.290000915527344,56.779998779296875,62.599998474121094,13816300
2021-12-07,66.76000213623047,72.5199966430664,66.72000122070312,71.98999786376953,21654500
2021-12-08,70.93000030517578,71.19999694824219,68.48999786376953,70.69000244140625,12500700
2021-12-09,69.43000030517578,71.58999633789062,65.66000366210938,65.9000015258789,14533000
2021-12-10,69.45999908447266,70.44999694824219,65.16999816894531,67.5999984741211,12329100
2021-12-13,68.0199966430664,68.70999908447266,62.0,62.34000015258789,13561500
2021-12-14,60.0,62.369998931884766,58.939998626708984,61.52000045776367,13311200
2021-12-15,61.84000015258789,68.33999633789062,59.2400016784668,68.12000274658203,19005700
2021-12-16,69.01000213623047,69.5,58.02000045776367,59.22999954223633,27692100
2021-12-17,57.34000015258789,61.58000183105469,56.86000061035156,58.959999084472656,17729000
2021-12-20,56.13999938964844,58.7599983215332,55.470001220703125,57.54999923706055,15681400
2021-12-21,61.16999816894531,63.689998626708984,58.77000045776367,63.5,20477000
2021-12-22,62.470001220703125,65.52999877929688,61.61000061035156,65.37999725341797,13011600
2021-12-23,66.0,68.75,65.91999816894531,67.41000366210938,14507000
2021-12-27,68.0999984741211,73.0,68.0,72.98999786376953,15598000
2021-12-28,74.06999969482422,74.06999969482422,69.56999969482422,70.5199966430664,14401800
2021-12-29,70.41999816894531,72.2300033569336,69.5999984741211,71.0,10702000
2021-12-30,70.5,71.33999633789062,67.88999938964844,68.36000061035156,11188200
2021-12-31,68.69999694824219,70.0999984741211,67.83000183105469,68.01000213623047,10152000
2022-01-03,69.05000305175781,72.11000061035156,68.38999938964844,72.0999984741211,15794800
2022-01-04,72.58000183105469,74.20999908447266,66.04000091552734,71.06999969482422,21988000
2022-01-05,69.58999633789062,71.41999816894531,63.939998626708984,64.01000213623047,20821000
2022-01-06,64.08999633789062,66.38999938964844,61.849998474121094,65.54000091552734,19343100
2022-01-07,65.08000183105469,66.05000305175781,59.13999938964844,59.7400016784668,22625900
2022-01-10,57.34000015258789,60.189998626708984,53.81999969482422,60.0,25112700
2022-01-11,59.09000015258789,63.439998626708984,57.880001068115234,63.290000915527344,22053900
2022-01-12,64.98999786376953,66.4000015258789,62.63999938964844,64.58000183105469,19392000
2022-01-13,67.5,69.18000030517578,59.58000183105469,60.20000076293945,28866500
2022-01-14,58.7599983215332,64.54000091552734,58.560001373291016,64.4800033569336,23880600
2022-01-18,60.90999984741211,61.380001068115234,55.5,55.97999954223633,29055200
2022-01-19,57.47999954223633,58.15999984741211,50.72999954223633,50.81999969482422,28683300
2022-01-20,52.119998931884766,53.20000076293945,45.810001373291016,45.9900016784668,32438800
2022-01-21,45.220001220703125,48.93000030517578,43.400001525878906,43.709999084472656,45826500
2022-01-24,41.0,45.47999954223633,36.619998931884766,45.45000076293945,53548700
2022-01-25,41.77000045776367,43.349998474121094,39.380001068115234,40.189998626708984,40326300
2022-01-26,43.779998779296875,47.099998474121094,40.099998474121094,42.119998931884766,46405000
2022-01-27,43.400001525878906,43.45000076293945,36.0,36.36000061035156,50033700
2022-01-28,36.369998931884766,38.40999984741211,33.099998474121094,38.40999984741211,43946700
2022-01-31,38.9900016784668,44.75,38.29999923706055,44.58000183105469,39362500
2022-02-01,45.88999938964844,46.099998474121094,42.290000915527344,45.90999984741211,37795600
2022-02-02,48.470001220703125,49.5,46.459999084472656,49.34000015258789,40548600
2022-02-03,45.58000183105469,47.79999923706055,42.150001525878906,42.630001068115234,32875300
2022-02-04,42.08000183105469,44.52000045776367,40.369998931884766,43.459999084472656,30575600
2022-02-07,43.63999938964844,45.52000045776367,42.86000061035156,43.40999984741211,28382000
2022-02-08,42.75,46.880001068115234,42.540000915527344,46.599998474121094,33686800
2022-02-09,48.43000030517578,51.22999954223633,46.709999084472656,51.02000045776367,35302800
2022-02-10,47.58000183105469,52.209999084472656,45.58000183105469,46.41999816894531,51371000
2022-02-11,46.560001373291016,47.650001525878906,38.41999816894531,39.540000915527344,51212800
2022-02-14,39.75,41.849998474121094,37.86000061035156,39.59000015258789,43218400
2022-02-15,41.900001525878906,46.290000915527344,41.66999816894531,46.0099983215332,39910800
2022-02-16,44.06999969482422,46.5,43.040000915527344,46.099998474121094,35357600
2022-02-17,44.119998931884766,44.38999938964844,40.66999816894531,40.869998931884766,41858900
2022-02-18,41.13999938964844,41.349998474121094,37.77000045776367,39.630001068115234,46904100
2022-02-22,38.22999954223633,41.560001373291016,36.83000183105469,38.61000061035156,49765600
2022-02-23,40.06999969482422,41.29999923706055,35.630001068115234,35.90999984741211,52830600
2022-02-24,31.809999465942383,40.04999923706055,31.549999237060547,39.939998626708984,68362100
2022-02-25,40.0,41.84000015258789,38.15999984741211,41.779998779296875,40949000
2022-02-28,40.20000076293945,42.22999954223633,38.560001373291016,41.0099983215332,43350600
2022-03-01,40.779998779296875,41.29999923706055,35.349998474121094,36.58000183105469,46635000
2022-03-02,37.470001220703125,40.880001068115234,37.22999954223633,40.119998931884766,41485400
2022-03-03,40.650001525878906,40.869998931884766,36.81999969482422,37.54999923706055,45902800
2022-03-04,36.630001068115234,37.41999816894531,33.36000061035156,34.77000045776367,46799000
2022-03-07,34.81999969482422,35.599998474121094,29.5,29.579999923706055,50665800
2022-03-08,29.670000076293945,34.34000015258789,28.479999542236328,31.15999984741211,68456500
2022-03-09,34.119998931884766,35.65999984741211,33.06999969482422,34.93000030517578,46482400
2022-03-10,33.06999969482422,33.20000076293945,30.799999237060547,32.75,43831500
2022-03-11,34.15999984741211,34.41999816894531,30.5,30.690000534057617,34118300
2022-03-14,30.010000228881836,30.850000381469727,27.299999237060547,27.90999984741211,49351500
2022-03-15,28.450000762939453,31.719999313354492,28.010000228881836,31.510000228881836,42082900
2022-03-16,33.040000915527344,36.400001525878906,32.060001373291016,36.29999923706055,55754000
2022-03-17,35.25,37.0,34.31999969482422,36.95000076293945,37147500
2022-03-18,36.61000061035156,39.66999816894531,35.599998474121094,39.16999816894531,39797700
2022-03-21,38.70000076293945,39.970001220703125,36.880001068115234,39.0,38312100
2022-03-22,38.790000915527344,41.02000045776367,38.630001068115234,39.59000015258789,34654100
2022-03-23,38.5099983215332,39.9900016784668,36.59000015258789,36.689998626708984,38313200
2022-03-24,37.81999969482422,42.25,37.29999923706055,42.09000015258789,44687200
2022-03-25,42.06999969482422,42.369998931884766,39.75,42.0099983215332,36316000
2022-03-28,41.20000076293945,42.810001373291016,39.31999969482422,42.709999084472656,35741000
2022-03-29,44.84000015258789,46.0,43.11000061035156,45.58000183105469,40148500
2022-03-30,44.709999084472656,45.20000076293945,40.68000030517578,41.349998474121094,38435700
2022-03-31,41.2599983215332,41.84000015258789,38.41999816894531,38.779998779296875,38547400
2022-04-01,39.06999969482422,39.33000183105469,34.619998931884766,36.290000915527344,57428500
2022-04-04,36.58000183105469,38.220001220703125,36.16999816894531,37.959999084472656,28200500
2022-04-05,37.09000015258789,37.2400016784668,32.529998779296875,32.880001068115234,57649600
2022-04-06,30.850000381469727,32.099998474121094,29.559999465942383,30.510000228881836,69146900
2022-04-07,30.25,31.420000076293945,28.65999984741211,30.510000228881836,55657300
2022-04-08,29.860000610351562,29.959999084472656,28.149999618530273,28.290000915527344,71608900
2022-04-11,27.040000915527344,27.709999084472656,26.34000015258789,26.489999771118164,60558200
2022-04-12,28.040000915527344,28.84000015258789,25.860000610351562,26.239999771118164,66793200
2022-04-13,26.770000457763672,28.540000915527344,26.309999465942383,28.030000686645508,50484000
2022-04-14,28.549999237060547,28.6200008392334,25.540000915527344,25.610000610351562,51193200
2022-04-18,25.260000228881836,27.670000076293945,25.15999984741211,26.979999542236328,49251700
2022-04-19,26.68000030517578,28.889999389648438,26.219999313354492,28.75,45358800
2022-04-20,30.06999969482422,30.850000381469727,28.239999771118164,28.5,51891900
2022-04-21,29.600000381469727,30.56999969482422,25.809999465942383,26.209999084472656,53808500
2022-04-22,26.100000381469727,26.559999465942383,24.3700008392334,24.450000762939453,57459200
2022-04-25,23.889999389648438,25.760000228881836,23.68000030517578,25.670000076293945,58210600
2022-04-26,24.709999084472656,24.899999618530273,22.350000381469727,22.43000030517578,55039200
2022-04-27,21.6200008392334,23.59000015258789,21.479999542236328,21.950000762939453,52406400
2022-04-28,23.200000762939453,26.299999237060547,22.399999618530273,25.579999923706055,63555800
2022-04-29,24.299999237060547,25.950000762939453,22.100000381469727,22.239999771118164,48104400
2022-05-02,22.3799991607666,24.549999237060547,21.809999465942383,24.5,57669900
2022-05-03,24.329999923706055,25.68000030517578,23.75,25.110000610351562,53115700
2022-05-04,25.690000534057617,28.139999389648438,23.299999237060547,28.020000457763672,77054200
2022-05-05,26.530000686645508,26.6200008392334,22.75,23.989999771118164,64302700
2022-05-06,23.239999771118164,24.8700008392334,21.940000534057617,23.350000381469727,73607500
2022-05-09,21.81999969482422,22.600000381469727,19.31999969482422,19.719999313354492,72482100
2022-05-10,21.450000762939453,22.149999618530273,19.719999313354492,21.09000015258789,72934500
2022-05-11,20.530000686645508,22.0,18.969999313354492,19.149999618530273,76546000
2022-05-12,18.510000228881836,19.989999771118164,17.959999084472656,19.40999984741211,79889100
2022-05-13,20.56999969482422,22.90999984741211,20.18000030517578,22.489999771118164,65885900
2022-05-16,21.860000610351562,22.510000228881836,21.200000762939453,21.3700008392334,49300800
2022-05-17,23.079999923706055,24.739999771118164,22.84000015258789,24.579999923706055,65619700
2022-05-18,23.399999618530273,24.350000381469727,20.530000686645508,20.850000381469727,61497800
2022-05-19,20.549999237060547,22.040000915527344,19.899999618530273,20.510000228881836,62522000
2022-05-20,21.540000915527344,21.649999618530273,17.65999984741211,20.360000610351562,86718200
2022-05-23,19.93000030517578,20.829999923706055,19.450000762939453,20.6299991607666,54498700
2022-05-24,19.690000534057617,19.8799991607666,18.440000534057617,19.100000381469727,57291400
2022-05-25,18.729999542236328,20.719999313354492,18.719999313354492,20.190000534057617,54536300
2022-05-26,19.610000610351562,22.829999923706055,19.479999542236328,22.540000915527344,60520000
2022-05-27,23.600000381469727,25.440000534057617,23.59000015258789,25.260000228881836,54680400
2022-05-31,25.139999389648438,25.600000381469727,23.75,24.860000610351562,48671900
2022-06-01,25.34000015258789,25.719999313354492,22.709999084472656,23.709999084472656,52378500
2022-06-02,23.399999618530273,26.280000686645508,23.299999237060547,26.200000762939453,49439000
2022-06-03,24.549999237060547,24.950000762939453,23.5,23.93000030517578,42093200
2022-06-06,25.25,25.579999923706055,23.479999542236328,23.90999984741211,40514000
2022-06-07,23.020000457763672,24.739999771118164,22.540000915527344,24.600000381469727,37067500
2022-06-08,24.15999984741211,24.459999084472656,22.420000076293945,22.90999984741211,38501600
2022-06-09,22.389999389648438,23.559999465942383,21.030000686645508,21.09000015258789,37937200
2022-06-10,19.979999542236328,20.510000228881836,18.65999984741211,18.809999465942383,58924000
2022-06-13,16.93000030517578,17.40999984741211,15.34000015258789,15.550000190734863,77061300
2022-06-14,16.010000228881836,16.219999313354492,15.210000038146973,15.760000228881836,52253400
2022-06-15,16.350000381469727,17.43000030517578,15.470000267028809,16.610000610351562,77001800
2022-06-16,15.140000343322754,15.1899995803833,12.989999771118164,13.569999694824219,90753100
2022-06-17,13.649999618530273,14.020000457763672,12.779999732971191,13.699999809265137,64012800
2022-06-21,14.539999961853027,15.430000305175781,14.489999771118164,14.800000190734863,57522800
2022-06-22,14.039999961853027,14.970000267028809,13.9399995803833,14.289999961853027,49362200
2022-06-23,14.579999923706055,14.59000015258789,13.34000015258789,14.010000228881836,47625300
2022-06-24,14.640000343322754,15.850000381469727,14.569999694824219,15.8100004196167,60548200
2022-06-27,16.309999465942383,16.459999084472656,15.369999885559082,15.800000190734863,43426900
2022-06-28,16.0,16.579999923706055,14.520000457763672,14.5600004196167,56957600
2022-06-29,14.0,14.039999961853027,13.029999732971191,13.550000190734863,61516700
2022-06-30,13.029999732971191,13.829999923706055,12.380000114440918,13.100000381469727,70274900
2022-07-01,12.489999771118164,12.600000381469727,11.130000114440918,11.600000381469727,92067100
2022-07-05,10.739999771118164,11.899999618530273,10.529999732971191,11.850000381469727,82942200
2022-07-06,11.920000076293945,12.5,11.520000457763672,12.09000015258789,77177800
2022-07-07,12.90999984741211,13.890000343322754,12.90999984741211,13.710000038146973,75926300
2022-07-08,13.130000114440918,14.170000076293945,12.960000038146973,13.90999984741211,77437200
2022-07-11,13.25,13.449999809265137,12.649999618530273,12.90999984741211,52520600
2022-07-12,13.180000305175781,13.449999809265137,12.720000267028809,12.970000267028809,53368400
2022-07-13,12.180000305175781,13.5600004196167,12.130000114440918,13.289999961853027,70014100
2022-07-14,13.170000076293945,14.260000228881836,12.539999961853027,14.069999694824219,78227900
2022-07-15,14.75,15.149999618530273,14.039999961853027,15.109999656677246,74112400
2022-07-18,15.829999923706055,16.18000030517578,14.630000114440918,14.920000076293945,83926600
2022-07-19,15.609999656677246,17.170000076293945,15.5,16.950000762939453,78348500
2022-07-20,16.829999923706055,18.440000534057617,16.5,18.200000762939453,85890600
2022-07-21,18.520000457763672,19.1200008392334,17.68000030517578,19.100000381469727,80210800
2022-07-22,18.84000015258789,18.90999984741211,17.149999618530273,17.649999618530273,65689500
2022-07-25,17.229999542236328,17.3700008392334,16.43000030517578,17.299999237060547,43336800
2022-07-26,16.93000030517578,17.239999771118164,16.25,16.43000030517578,48959700
2022-07-27,17.31999969482422,19.1200008392334,17.170000076293945,18.729999542236328,78797600
2022-07-28,18.860000610351562,19.520000457763672,17.579999923706055,19.3700008392334,69548100
2022-07-29,18.56999969482422,19.989999771118164,18.31999969482422,19.829999923706055,61313500
2022-08-01,19.40999984741211,20.610000610351562,19.030000686645508,20.010000228881836,61205100
2022-08-02,19.43000030517578,20.8700008392334,19.110000610351562,19.920000076293945,60816500
2022-08-03,19.979999542236328,21.719999313354492,19.8700008392334,21.549999237060547,57214600
2022-08-04,21.469999313354492,22.270000457763672,21.219999313354492,22.06999969482422,56294600
2022-08-05,20.959999084472656,22.1200008392334,20.56999969482422,21.559999465942383,60067800
2022-08-08,20.649999618530273,21.389999389648438,19.56999969482422,20.540000915527344,59477700
2022-08-09,19.229999542236328,19.229999542236328,16.90999984741211,17.690000534057617,65153600
2022-08-10,19.079999923706055,20.020000457763672,18.389999389648438,19.90999984741211,69125300
2022-08-11,20.469999313354492,21.600000381469727,19.68000030517578,19.780000686645508,70069200
2022-08-12,20.239999771118164,21.719999313354492,19.979999542236328,21.600000381469727,57238400
2022-08-15,21.239999771118164,21.969999313354492,20.799999237060547,21.780000686645508,48991600
2022-08-16,21.479999542236328,21.739999771118164,20.389999389648438,21.139999389648438,48777200
2022-08-17,20.18000030517578,20.200000762939453,18.709999084472656,19.549999237060547,67988800
2022-08-18,19.719999313354492,21.360000610351562,19.5,20.889999389648438,50790800
2022-08-19,20.059999465942383,20.3799991607666,18.889999389648438,19.170000076293945,49700800
2022-08-22,18.100000381469727,18.149999618530273,16.770000457763672,17.040000915527344,51389400
2022-08-23,17.079999923706055,18.059999465942383,17.010000228881836,17.329999923706055,49723200
2022-08-24,17.25,17.59000015258789,16.770000457763672,17.40999984741211,42087500
2022-08-25,17.459999084472656,19.3799991607666,17.420000076293945,19.31999969482422,58659800
2022-08-26,19.25,19.329999923706055,15.949999809265137,15.979999542236328,84676900
2022-08-29,15.479999542236328,16.049999237060547,14.949999809265137,15.050000190734863,61062700
2022-08-30,15.5,15.569999694824219,13.960000038146973,14.470000267028809,77063100
2022-08-31,14.6899995803833,14.699999809265137,13.65999984741211,14.039999961853027,86870500
2022-09-01,13.029999732971191,13.260000228881836,11.970000267028809,13.220000267028809,113345600
2022-09-02,13.84000015258789,14.140000343322754,12.630000114440918,12.859999656677246,100737200
2022-09-06,12.90999984741211,13.029999732971191,12.069999694824219,12.420000076293945,79919100
2022-09-07,12.420000076293945,13.319999694824219,12.229999542236328,12.989999771118164,79632700
2022-09-08,12.640000343322754,13.800000190734863,12.369999885559082,13.649999618530273,103258300
2022-09-09,14.260000228881836,14.850000381469727,14.1899995803833,14.649999618530273,81908900
2022-09-12,14.829999923706055,15.050000190734863,14.300000190734863,14.779999732971191,67153300
2022-09-13,13.149999618530273,13.489999771118164,11.949999809265137,12.09000015258789,85975600
2022-09-14,12.279999732971191,12.739999771118164,11.9399995803833,12.460000038146973,65846900
2022-09-15,12.229999542236328,12.670000076293945,11.59000015258789,11.90999984741211,94630600
2022-09-16,11.470000267028809,12.100000381469727,11.180000305175781,12.0600004196167,87622100
2022-09-19,11.619999885559082,12.4399995803833,11.569999694824219,12.260000228881836,75532200
2022-09-20,11.850000381469727,12.039999961853027,11.430000305175781,11.699999809265137,70577400
2022-09-21,11.760000228881836,12.920000076293945,11.380000114440918,11.399999618530273,125021300
2022-09-22,11.170000076293945,11.319999694824219,10.25,10.510000228881836,112096100
2022-09-23,10.069999694824219,10.140000343322754,9.449999809265137,10.029999732971191,120047000
2022-09-26,9.90999984741211,10.359999656677246,9.5,9.550000190734863,96464800
2022-09-27,10.039999961853027,10.279999732971191,9.390000343322754,9.8100004196167,115839400
2022-09-28,9.569999694824219,10.350000381469727,9.449999809265137,10.170000076293945,119412700
2022-09-29,9.699999809265137,9.739999771118164,8.800000190734863,9.289999961853027,128122600
2022-09-30,8.899999618530273,9.609999656677246,8.739999771118164,8.859999656677246,109534300
2022-10-03,9.09000015258789,10.0,8.880000114440918,9.699999809265137,126786100
2022-10-04,10.579999923706055,11.100000381469727,10.539999961853027,11.039999961853027,114533100
2022-10-05,10.529999732971191,11.65999984741211,10.210000038146973,11.420000076293945,110030200
2022-10-06,11.289999961853027,11.920000076293945,11.050000190734863,11.1899995803833,117138000
2022-10-07,10.180000305175781,10.279999732971191,9.0,9.210000038146973,134873300
2022-10-10,9.069999694824219,9.09000015258789,7.860000133514404,8.279999732971191,163448700
2022-10-11,7.809999942779541,8.020000457763672,7.199999809265137,7.570000171661377,186475200
2022-10-12,7.489999771118164,7.619999885559082,7.230000019073486,7.340000152587891,110516500
2022-10-13,6.420000076293945,8.359999656677246,6.210000038146973,8.0,284532700
2022-10-14,8.260000228881836,8.270000457763672,6.869999885559082,6.929999828338623,177216100
2022-10-17,7.46999979019165,7.670000076293945,7.199999809265137,7.329999923706055,113321500
2022-10-18,8.039999961853027,8.210000038146973,7.039999961853027,7.400000095367432,185506400
2022-10-19,7.269999980926514,7.800000190734863,7.199999809265137,7.570000171661377,134272400
2022-10-20,7.699999809265137,8.420000076293945,7.590000152587891,7.699999809265137,170614600
2022-10-21,7.650000095367432,8.640000343322754,7.550000190734863,8.579999923706055,178616600
2022-10-24,8.640000343322754,8.8100004196167,8.079999923706055,8.680000305175781,147205700
2022-10-25,8.800000190734863,9.470000267028809,8.75,9.260000228881836,127146900
2022-10-26,8.739999771118164,9.670000076293945,8.550000190734863,9.010000228881836,143571600
2022-10-27,9.15999984741211,9.4399995803833,8.479999542236328,8.520000457763672,129662300
2022-10-28,8.5600004196167,9.5600004196167,8.489999771118164,9.5,129291600
2022-10-31,9.300000190734863,9.350000381469727,8.75,8.920000076293945,118351000
2022-11-01,9.40999984741211,9.520000457763672,8.9399995803833,9.100000381469727,108638200
2022-11-02,9.270000457763672,9.770000457763672,8.199999809265137,8.239999771118164,174985600
2022-11-03,7.78000020980835,8.289999961853027,7.53000020980835,7.889999866485596,135668700
2022-11-04,8.720000267028809,9.0600004196167,8.420000076293945,8.989999771118164,173041700
2022-11-07,9.270000457763672,9.6899995803833,8.880000114440918,9.59000015258789,105846700
2022-11-08,10.109999656677246,10.5600004196167,9.609999656677246,10.170000076293945,147373300
2022-11-09,9.739999771118164,9.819999694824219,9.180000305175781,9.239999771118164,107444900
2022-11-10,10.800000190734863,12.170000076293945,10.5600004196167,12.079999923706055,196270300
2022-11-11,12.279999732971191,13.40999984741211,11.829999923706055,13.220000267028809,166468400
2022-11-14,12.989999771118164,13.510000228881836,12.729999542236328,12.770000457763672,108739600
2022-11-15,14.34000015258789,14.4399995803833,13.3100004196167,13.869999885559082,159797700
2022-11-16,12.930000305175781,12.989999771118164,11.869999885559082,12.130000114440918,112310400
2022-11-17,11.34000015258789,12.579999923706055,11.3100004196167,12.369999885559082,128795400
2022-11-18,12.989999771118164,13.029999732971191,12.069999694824219,12.489999771118164,117064100
2022-11-21,12.069999694824219,12.199999809265137,11.739999771118164,11.890000343322754,84238200
2022-11-22,12.140000343322754,12.9399995803833,11.850000381469727,12.899999618530273,86949600
2022-11-23,12.899999618530273,13.75,12.84000015258789,13.319999694824219,113790600
2022-11-25,13.130000114440918,13.260000228881836,12.829999923706055,12.859999656677246,41754500
2022-11-28,12.359999656677246,12.760000228881836,11.600000381469727,11.84000015258789,87803100
2022-11-29,11.949999809265137,12.180000305175781,11.5,11.729999542236328,75056000
2022-11-30,11.84000015258789,13.850000381469727,11.520000457763672,13.819999694824219,133385800
2022-12-01,14.09000015258789,14.130000114440918,12.9399995803833,13.5,112133900
2022-12-02,12.489999771118164,13.130000114440918,12.300000190734863,13.029999732971191,98017700
2022-12-05,12.800000190734863,13.15999984741211,12.199999809265137,12.59000015258789,71095100
2022-12-06,12.539999961853027,12.600000381469727,11.380000114440918,11.720000267028809,86923400
2022-12-07,11.40999984741211,11.930000305175781,11.329999923706055,11.699999809265137,86276700
2022-12-08,11.890000343322754,12.720000267028809,11.649999618530273,12.619999885559082,101888300
2022-12-09,12.489999771118164,12.989999771118164,12.180000305175781,12.319999694824219,88787400
2022-12-12,12.140000343322754,13.010000228881836,11.9399995803833,12.979999542236328,73482200
2022-12-13,14.720000267028809,14.90999984741211,13.140000343322754,13.630000114440918,180078900
2022-12-14,13.510000228881836,14.029999732971191,12.539999961853027,13.0,139612300
2022-12-15,12.229999542236328,12.380000114440918,11.319999694824219,11.399999618530273,107181700
2022-12-16,11.199999809265137,11.479999542236328,10.770000457763672,11.109999656677246,88813800
2022-12-19,11.119999885559082,11.149999618530273,10.350000381469727,10.6899995803833,82876800
2022-12-20,10.25,10.75,10.15999984741211,10.40999984741211,88304000
2022-12-21,10.630000114440918,11.270000457763672,10.600000381469727,11.140000343322754,83240400
2022-12-22,10.539999961853027,10.5600004196167,9.109999656677246,9.779999732971191,135617300
2022-12-23,9.59000015258789,9.8100004196167,9.229999542236328,9.770000457763672,92378600
2022-12-27,9.579999923706055,9.59000015258789,9.130000114440918,9.270000457763672,78142100
2022-12-28,9.100000381469727,9.430000305175781,8.739999771118164,8.859999656677246,83917300
2022-12-29,9.279999732971191,9.829999923706055,9.180000305175781,9.670000076293945,90966000
2022-12-30,9.270000457763672,9.699999809265137,9.0600004196167,9.670000076293945,64369800
2023-01-03,10.170000076293945,10.210000038146973,9.1899995803833,9.359999656677246,97509800
2023-01-04,9.880000114440918,10.270000457763672,9.579999923706055,10.069999694824219,114576600
2023-01-05,9.800000190734863,10.0,9.529999732971191,9.569999694824219,83312800
2023-01-06,9.949999809265137,11.069999694824219,9.5600004196167,10.869999885559082,123492600
2023-01-09,11.529999732971191,12.270000457763672,11.279999732971191,11.529999732971191,136968300
2023-01-10,11.380000114440918,11.989999771118164,11.1899995803833,11.970000267028809,90401400
2023-01-11,11.979999542236328,12.430000305175781,11.649999618530273,12.399999618530273,80469400
2023-01-12,12.59000015258789,13.079999923706055,11.819999694824219,12.819999694824219,135343400
2023-01-13,12.369999885559082,13.0,12.270000457763672,12.949999809265137,74389800
2023-01-17,12.880000114440918,13.430000305175781,12.670000076293945,13.0600004196167,74500500
2023-01-18,13.449999809265137,13.760000228881836,12.8100004196167,12.819999694824219,82050400
2023-01-19,12.479999542236328,12.520000457763672,11.619999885559082,11.770000457763672,99618400
2023-01-20,12.109999656677246,12.859999656677246,11.75,12.789999961853027,89921600
2023-01-23,13.180000305175781,14.90999984741211,13.130000114440918,14.739999771118164,125178200
2023-01-24,14.289999961853027,14.850000381469727,14.15999984741211,14.4399995803833,75816000
2023-01-25,13.710000038146973,14.630000114440918,13.329999923706055,14.529999732971191,93424800
2023-01-26,15.020000457763672,15.300000190734863,14.300000190734863,15.239999771118164,111443300
2023-01-27,14.5,15.359999656677246,14.350000381469727,14.979999542236328,101402600
2023-01-30,14.350000381469727,14.619999885559082,13.729999542236328,13.800000190734863,81286700
2023-01-31,13.670000076293945,14.550000190734863,13.640000343322754,14.520000457763672,97363300
2023-02-01,14.729999542236328,17.280000686645508,14.680000305175781,16.799999237060547,150219900
2023-02-02,17.329999923706055,18.399999618530273,17.010000228881836,17.920000076293945,116420900
2023-02-03,16.780000686645508,18.1299991607666,16.600000381469727,16.93000030517578,94867600
2023-02-06,16.1200008392334,16.860000610351562,15.859999656677246,16.100000381469727,77254800
2023-02-07,16.219999313354492,17.850000381469727,16.1299991607666,17.59000015258789,119100900
2023-02-08,17.329999923706055,17.690000534057617,16.350000381469727,16.489999771118164,72392900
2023-02-09,17.329999923706055,17.899999618530273,16.209999084472656,16.579999923706055,84793400
2023-02-10,16.059999465942383,16.219999313354492,15.25,15.800000190734863,78447700
2023-02-13,15.989999771118164,16.6200008392334,15.569999694824219,16.420000076293945,60332300
2023-02-14,16.059999465942383,17.530000686645508,15.670000076293945,17.329999923706055,111460800
2023-02-15,16.809999465942383,17.59000015258789,16.43000030517578,17.540000915527344,74638200
2023-02-16,16.649999618530273,17.170000076293945,16.18000030517578,16.280000686645508,81774100
2023-02-17,15.979999542236328,16.1200008392334,15.039999961853027,15.5,82871000
2023-02-21,14.789999961853027,15.3100004196167,13.890000343322754,14.010000228881836,68114400
2023-02-22,14.109999656677246,14.40999984741211,13.539999961853027,13.829999923706055,70471500
2023-02-23,15.130000114440918,15.34000015258789,14.279999732971191,15.079999923706055,94198000
2023-02-24,14.289999961853027,14.539999961853027,13.960000038146973,14.3100004196167,74689200
2023-02-27,14.960000038146973,15.010000228881836,14.5,14.5,61896900
2023-02-28,14.399999618530273,15.270000457763672,14.3100004196167,14.649999618530273,59300500
2023-03-01,14.8100004196167,15.220000267028809,14.479999542236328,14.680000305175781,63832600
2023-03-02,14.010000228881836,15.239999771118164,13.65999984741211,15.010000228881836,73485400
2023-03-03,15.050000190734863,15.770000457763672,14.649999618530273,15.680000305175781,72055200
2023-03-06,15.829999923706055,16.25,15.039999961853027,15.170000076293945,56252700
2023-03-07,15.1899995803833,15.420000076293945,14.489999771118164,14.649999618530273,66744300
2023-03-08,14.859999656677246,15.899999618530273,14.850000381469727,15.8100004196167,71670200
2023-03-09,15.75,16.540000915527344,14.800000190734863,14.90999984741211,87945700
2023-03-10,15.109999656677246,15.25,13.8100004196167,14.050000190734863,128656300
2023-03-13,13.609999656677246,14.539999961853027,13.149999618530273,14.020000457763672,121199400
2023-03-14,14.760000228881836,15.539999961853027,14.539999961853027,15.220000267028809,107012500
2023-03-15,14.600000381469727,14.850000381469727,13.75,14.6899995803833,126199700
2023-03-16,14.479999542236328,16.520000457763672,14.300000190734863,16.420000076293945,108646600
2023-03-17,16.489999771118164,16.899999618530273,15.829999923706055,16.1299991607666,79179200
2023-03-20,16.139999389648438,16.790000915527344,15.779999732971191,16.610000610351562,62536400
2023-03-21,17.010000228881836,17.530000686645508,15.9399995803833,16.670000076293945,76051300
2023-03-22,16.68000030517578,18.020000457763672,16.200000762939453,16.239999771118164,95075000
2023-03-23,17.020000457763672,18.170000076293945,16.6299991607666,17.489999771118164,97514400
2023-03-24,17.100000381469727,17.219999313354492,16.040000915527344,16.56999969482422,90583300
2023-03-27,16.760000228881836,16.920000076293945,15.8100004196167,15.970000267028809,64605200
2023-03-28,15.869999885559082,15.880000114440918,14.899999618530273,15.630000114440918,75621600
2023-03-29,16.34000015258789,17.469999313354492,16.299999237060547,17.079999923706055,90012500
2023-03-30,17.760000228881836,18.290000915527344,17.579999923706055,17.950000762939453,80622200
2023-03-31,17.559999465942383,18.34000015258789,17.43000030517578,18.299999237060547,68287500
2023-04-03,17.920000076293945,18.15999984741211,17.1299991607666,17.809999465942383,57147300
2023-04-04,17.8700008392334,17.899999618530273,16.510000228881836,16.790000915527344,64093400
2023-04-05,16.25,16.309999465942383,15.380000114440918,15.920000076293945,86953300
2023-04-06,15.449999809265137,16.010000228881836,15.09000015258789,15.65999984741211,65901100
2023-04-10,15.220000267028809,16.5,15.140000343322754,16.389999389648438,63177700
2023-04-11,16.719999313354492,16.790000915527344,16.110000610351562,16.209999084472656,52220200
2023-04-12,16.65999984741211,16.739999771118164,15.270000457763672,15.329999923706055,76962300
2023-04-13,15.390000343322754,15.949999809265137,15.039999961853027,15.670000076293945,59431400
2023-04-14,15.640000343322754,16.190000534057617,15.079999923706055,15.579999923706055,56858500
2023-04-17,15.100000381469727,15.619999885559082,14.949999809265137,15.579999923706055,56761700
2023-04-18,16.020000457763672,16.360000610351562,15.40999984741211,15.779999732971191,56833200
2023-04-19,15.199999809265137,15.380000114440918,14.979999542236328,15.260000228881836,53185600
2023-04-20,14.789999961853027,15.899999618530273,14.75,15.199999809265137,65191000
2023-04-21,15.09000015258789,15.09000015258789,14.479999542236328,14.859999656677246,68276000
2023-04-24,14.779999732971191,15.039999961853027,14.359999656677246,14.630000114440918,48740200
2023-04-25,14.420000076293945,14.420000076293945,13.170000076293945,13.199999809265137,89382800
2023-04-26,13.619999885559082,13.789999961853027,13.180000305175781,13.369999885559082,68911200
2023-04-27,13.329999923706055,13.600000381469727,12.520000457763672,13.539999961853027,87997600
2023-04-28,13.760000228881836,14.270000457763672,13.539999961853027,14.229999542236328,65456800
2023-05-01,14.460000038146973,14.789999961853027,14.319999694824219,14.65999984741211,57191000
2023-05-02,14.65999984741211,14.90999984741211,13.90999984741211,14.350000381469727,61126500
2023-05-03,14.119999885559082,14.619999885559082,13.8100004196167,13.84000015258789,71240700
2023-05-04,13.5,14.0,13.220000267028809,13.600000381469727,62383900
2023-05-05,13.619999885559082,14.680000305175781,13.4399995803833,14.470000267028809,62636200
2023-05-08,14.460000038146973,14.699999809265137,14.069999694824219,14.649999618530273,41012800
2023-05-09,14.069999694824219,14.119999885559082,13.739999771118164,13.9399995803833,57414300
2023-05-10,14.380000114440918,14.640000343322754,13.90999984741211,14.3100004196167,78346700
2023-05-11,14.329999923706055,14.430000305175781,13.640000343322754,14.069999694824219,54962200
2023-05-12,14.180000305175781,14.369999885559082,13.59000015258789,14.020000457763672,46243600
2023-05-15,14.100000381469727,15.140000343322754,13.970000267028809,15.109999656677246,64054000
2023-05-16,14.979999542236328,15.569999694824219,14.970000267028809,15.050000190734863,54294600
2023-05-17,15.479999542236328,16.34000015258789,15.140000343322754,16.139999389648438,77302900
2023-05-18,16.34000015258789,17.799999237060547,16.31999969482422,17.670000076293945,91302200
2023-05-19,17.59000015258789,17.639999389648438,17.059999465942383,17.389999389648438,49521200
2023-05-22,16.920000076293945,17.719999313354492,16.889999389648438,17.530000686645508,43944400
2023-05-23,17.200000762939453,17.549999237060547,16.790000915527344,16.920000076293945,41287200
2023-05-24,15.890000343322754,16.229999542236328,15.489999771118164,16.030000686645508,87475800
2023-05-25,18.15999984741211,19.389999389648438,17.6299991607666,19.149999618530273,124768700
2023-05-26,20.049999237060547,23.260000228881836,20.030000686645508,22.8799991607666,112964600
2023-05-30,24.56999969482422,24.799999237060547,22.59000015258789,22.8700008392334,99439100
2023-05-31,21.709999084472656,22.670000076293945,21.09000015258789,21.149999618530273,73938700
2023-06-01,21.479999542236328,22.75,20.829999923706055,22.15999984741211,74757400
2023-06-02,22.690000534057617,22.889999389648438,21.530000686645508,22.020000457763672,65015000
2023-06-05,21.75,21.75,20.65999984741211,20.969999313354492,35747700
2023-06-06,20.549999237060547,22.059999465942383,20.43000030517578,21.729999542236328,49445200
2023-06-07,22.149999618530273,23.100000381469727,21.489999771118164,21.639999389648438,65066100
2023-06-08,21.790000915527344,22.469999313354492,21.459999084472656,22.280000686645508,43045900
2023-06-09,23.030000686645508,23.489999771118164,22.09000015258789,22.399999618530273,50142100
2023-06-12,23.200000762939453,24.68000030517578,23.1299991607666,24.600000381469727,52761000
2023-06-13,25.790000915527344,26.079999923706055,24.719999313354492,25.559999465942383,82626800
2023-06-14,25.309999465942383,26.700000762939453,24.84000015258789,26.639999389648438,84622000
2023-06-15,25.75,26.56999969482422,25.420000076293945,25.950000762939453,64797200
2023-06-16,26.770000457763672,26.790000915527344,25.1299991607666,25.239999771118164,55392600
2023-06-20,24.860000610351562,25.549999237060547,23.979999542236328,24.649999618530273,43349100
2023-06-21,24.170000076293945,24.489999771118164,22.700000762939453,22.780000686645508,59099400
2023-06-22,22.280000686645508,23.3799991607666,22.219999313354492,23.100000381469727,44637500
2023-06-23,21.950000762939453,22.280000686645508,21.520000457763672,21.889999389648438,44294000
2023-06-26,22.31999969482422,23.31999969482422,22.049999237060547,22.09000015258789,47524300
2023-06-27,22.290000915527344,24.489999771118164,22.010000228881836,24.3700008392334,54471000
2023-06-28,23.18000030517578,24.440000534057617,23.110000610351562,23.719999313354492,55584500
2023-06-29,24.110000610351562,24.110000610351562,23.170000076293945,23.809999465942383,45213700
2023-06-30,24.56999969482422,25.170000076293945,24.290000915527344,24.829999923706055,47598800
2023-07-03,25.260000228881836,25.75,24.68000030517578,25.489999771118164,25289900
2023-07-05,24.989999771118164,25.18000030517578,23.829999923706055,23.850000381469727,38292000
2023-07-06,22.600000381469727,23.049999237060547,22.040000915527344,22.979999542236328,49420400
2023-07-07,23.079999923706055,24.030000686645508,22.829999923706055,22.959999084472656,41284000
2023-07-10,23.15999984741211,24.440000534057617,23.079999923706055,24.31999969482422,39943500
2023-07-11,24.68000030517578,24.739999771118164,23.280000686645508,24.34000015258789,44231000
2023-07-12,25.440000534057617,25.850000381469727,25.0,25.690000534057617,54237000
2023-07-13,26.510000228881836,27.450000762939453,26.209999084472656,27.280000686645508,42645500
2023-07-14,27.34000015258789,28.030000686645508,25.899999618530273,26.229999542236328,47910200
2023-07-17,26.280000686645508,28.530000686645508,25.770000457763672,28.059999465942383,50068600
2023-07-18,27.75,28.549999237060547,27.09000015258789,28.260000228881836,45800100
2023-07-19,28.40999984741211,28.440000534057617,27.040000915527344,27.290000915527344,49085500
2023-07-20,25.790000915527344,26.059999465942383,23.8700008392334,24.290000915527344,67340600
2023-07-21,25.010000228881836,25.59000015258789,24.5,24.920000076293945,43146400
2023-07-24,24.90999984741211,25.440000534057617,24.510000228881836,24.899999618530273,29911500
2023-07-25,25.309999465942383,26.59000015258789,25.309999465942383,26.1299991607666,39288500
2023-07-26,25.200000762939453,25.729999542236328,24.209999084472656,25.059999465942383,54225500
2023-07-27,27.0,28.049999237060547,26.0,26.459999084472656,83083300
2023-07-28,27.989999771118164,28.440000534057617,27.149999618530273,28.149999618530273,60636000
2023-07-31,28.459999084472656,28.75,27.950000762939453,28.40999984741211,37007400
2023-08-01,27.809999465942383,28.719999313354492,27.440000534057617,28.530000686645508,36908400
2023-08-02,27.5,27.5,24.790000915527344,25.280000686645508,81886500
2023-08-03,24.290000915527344,25.600000381469727,24.06999969482422,25.149999618530273,51031600
2023-08-04,24.81999969482422,25.950000762939453,24.079999923706055,24.8799991607666,59250900
2023-08-07,25.459999084472656,25.780000686645508,24.979999542236328,25.65999984741211,40030800
2023-08-08,24.5,24.549999237060547,23.43000030517578,24.459999084472656,52987700
2023-08-09,24.399999618530273,24.440000534057617,22.950000762939453,23.09000015258789,49811500
2023-08-10,23.65999984741211,24.40999984741211,22.309999465942383,22.809999465942383,65350400
2023-08-11,21.93000030517578,22.0,21.010000228881836,21.139999389648438,66258400
2023-08-14,20.860000610351562,22.959999084472656,20.65999984741211,22.93000030517578,55110100
2023-08-15,22.6200008392334,22.81999969482422,21.700000762939453,21.799999237060547,45574800
2023-08-16,21.709999084472656,21.780000686645508,20.469999313354492,20.530000686645508,54398900
2023-08-17,20.6200008392334,20.75,19.709999084472656,19.90999984741211,50769000
2023-08-18,19.219999313354492,20.43000030517578,19.110000610351562,20.149999618530273,63687900
2023-08-21,20.510000228881836,22.030000686645508,20.389999389648438,21.8799991607666,60272400
2023-08-22,22.709999084472656,22.81999969482422,21.100000381469727,21.350000381469727,59640500
2023-08-23,20.950000762939453,22.889999389648438,20.899999618530273,22.600000381469727,67010200
2023-08-24,23.889999389648438,23.920000076293945,20.239999771118164,20.40999984741211,87095000
2023-08-25,20.34000015258789,21.170000076293945,19.399999618530273,20.65999984741211,73315300
2023-08-28,21.260000228881836,21.59000015258789,20.760000228881836,21.420000076293945,57976500
2023-08-29,21.09000015258789,23.309999465942383,20.969999313354492,23.06999969482422,62384100
2023-08-30,22.920000076293945,23.700000762939453,22.3700008392334,23.399999618530273,58519900
2023-08-31,23.170000076293945,24.280000686645508,23.139999389648438,23.860000610351562,57584100
2023-09-01,24.350000381469727,24.510000228881836,23.510000228881836,24.020000457763672,50183300
2023-09-05,23.75,24.579999923706055,23.3799991607666,24.020000457763672,39873800
2023-09-06,23.8700008392334,24.290000915527344,22.65999984741211,23.440000534057617,45032300
2023-09-07,21.860000610351562,22.049999237060547,21.0,21.8700008392334,61690800
2023-09-08,21.719999313354492,22.190000534057617,21.219999313354492,21.5,40693000
2023-09-11,22.239999771118164,22.309999465942383,20.59000015258789,21.450000762939453,55474600
2023-09-12,21.0,21.979999542236328,20.850000381469727,20.940000534057617,49005100
2023-09-13,20.8799991607666,21.8700008392334,20.790000915527344,21.229999542236328,56098900
2023-09-14,21.860000610351562,21.93000030517578,21.049999237060547,21.649999618530273,54201500
2023-09-15,21.239999771118164,21.270000457763672,19.450000762939453,19.790000915527344,77383000
2023-09-18,19.290000915527344,20.18000030517578,19.200000762939453,19.93000030517578,41631100
2023-09-19,19.760000228881836,19.809999465942383,19.079999923706055,19.43000030517578,50047300
2023-09-20,19.65999984741211,19.920000076293945,18.440000534057617,18.479999542236328,58695600
2023-09-21,17.760000228881836,18.1299991607666,17.389999389648438,17.420000076293945,68048000
2023-09-22,17.899999618530273,18.3700008392334,17.6299991607666,17.84000015258789,65378900
2023-09-25,17.610000610351562,18.280000686645508,17.34000015258789,18.219999313354492,56510100
2023-09-26,17.739999771118164,17.920000076293945,16.989999771118164,17.239999771118164,70947400
2023-09-27,17.639999389648438,18.079999923706055,16.889999389648438,17.68000030517578,80980900
2023-09-28,17.56999969482422,19.219999313354492,17.350000381469727,18.639999389648438,88909800
2023-09-29,19.43000030517578,19.65999984741211,18.65999984741211,18.8700008392334,75732800
2023-10-02,18.950000762939453,19.579999923706055,18.43000030517578,19.079999923706055,65982800
2023-10-03,18.600000381469727,19.389999389648438,17.530000686645508,17.889999389648438,77741000
2023-10-04,18.18000030517578,18.809999465942383,17.770000457763672,18.639999389648438,74018800
2023-10-05,18.579999923706055,18.8700008392334,17.81999969482422,18.399999618530273,63584100
2023-10-06,18.020000457763672,19.790000915527344,17.65999984741211,19.469999313354492,92805900
2023-10-09,18.920000076293945,19.530000686645508,18.450000762939453,19.3799991607666,62652500
2023-10-10,19.559999465942383,20.6200008392334,19.290000915527344,20.049999237060547,67622800
2023-10-11,20.309999465942383,20.68000030517578,19.81999969482422,20.510000228881836,62660000
2023-10-12,20.670000076293945,21.56999969482422,20.09000015258789,20.68000030517578,83392100
2023-10-13,20.799999237060547,20.889999389648438,18.850000381469727,18.979999542236328,88671200
2023-10-16,19.1299991607666,20.0,19.100000381469727,19.809999465942383,65688500
2023-10-17,18.6299991607666,19.760000228881836,17.90999984741211,19.299999237060547,90214600
2023-10-18,18.3700008392334,18.790000915527344,17.979999542236328,18.280000686645508,81406400
2023-10-19,18.760000228881836,18.93000030517578,17.229999542236328,17.43000030517578,115930900
2023-10-20,17.420000076293945,17.790000915527344,16.56999969482422,16.639999389648438,83690500
2023-10-23,16.350000381469727,17.260000228881836,15.829999923706055,16.389999389648438,89594500
2023-10-24,16.65999984741211,17.1299991607666,16.420000076293945,17.040000915527344,79093400
2023-10-25,16.3799991607666,16.520000457763672,14.710000038146973,14.970000267028809,107436500
2023-10-26,15.130000114440918,15.680000305175781,14.479999542236328,14.729999542236328,101804700
2023-10-27,15.300000190734863,15.569999694824219,14.930000305175781,15.100000381469727,91507300
2023-10-30,14.819999694824219,15.109999656677246,14.020000457763672,14.529999732971191,104353000
2023-10-31,14.539999961853027,15.029999732971191,14.010000228881836,14.899999618530273,75873100
2023-11-01,14.949999809265137,16.020000457763672,14.930000305175781,15.949999809265137,100044400
2023-11-02,16.899999618530273,17.40999984741211,16.3799991607666,17.079999923706055,89974100
2023-11-03,17.600000381469727,18.760000228881836,17.5,18.3799991607666,88065900
2023-11-06,18.450000762939453,18.639999389648438,17.729999542236328,18.25,52668800
2023-11-07,18.15999984741211,18.8799991607666,18.059999465942383,18.600000381469727,56719500
2023-11-08,18.65999984741211,18.959999084472656,18.280000686645508,18.670000076293945,50269100
2023-11-09,19.040000915527344,19.700000762939453,18.280000686645508,18.389999389648438,75784400
2023-11-10,19.059999465942383,20.780000686645508,18.829999923706055,20.600000381469727,95598900
2023-11-13,20.110000610351562,20.200000762939453,19.579999923706055,20.020000457763672,57461900
2023-11-14,21.510000228881836,22.389999389648438,21.3799991607666,22.139999389648438,94381100
2023-11-15,22.610000610351562,23.18000030517578,22.18000030517578,22.6299991607666,78026200
2023-11-16,22.3700008392334,22.90999984741211,22.139999389648438,22.719999313354492,61404400
2023-11-17,22.469999313354492,23.290000915527344,22.3700008392334,23.1299991607666,54090800
2023-11-20,23.09000015258789,24.420000076293945,23.049999237060547,24.18000030517578,56824400
2023-11-21,23.56999969482422,23.600000381469727,22.450000762939453,22.84000015258789,63297900
2023-11-22,23.229999542236328,24.1200008392334,22.81999969482422,23.0,64858200
2023-11-24,22.969999313354492,23.149999618530273,22.75,23.09000015258789,21933500
2023-11-27,22.790000915527344,23.540000915527344,22.600000381469727,22.969999313354492,40671500
2023-11-28,22.5,22.889999389648438,21.969999313354492,22.540000915527344,53548300
2023-11-29,23.459999084472656,24.299999237060547,23.139999389648438,23.219999313354492,69262600
2023-11-30,23.450000762939453,23.469999313354492,22.190000534057617,22.809999465942383,58913500
2023-12-01,22.3799991607666,23.200000762939453,21.84000015258789,23.06999969482422,54913400
2023-12-04,22.360000610351562,22.440000534057617,21.290000915527344,22.309999465942383,55773300
2023-12-05,21.68000030517578,22.09000015258789,21.34000015258789,21.93000030517578,51980900
2023-12-06,22.829999923706055,22.889999389648438,21.40999984741211,21.469999313354492,60117400
2023-12-07,22.020000457763672,23.399999618530273,21.81999969482422,23.18000030517578,77337000
2023-12-08,23.010000228881836,24.040000915527344,22.950000762939453,23.700000762939453,69286800
2023-12-11,24.389999389648438,26.3799991607666,24.309999465942383,26.110000610351562,80772700
2023-12-12,25.75,26.719999313354492,25.600000381469727,26.649999618530273,55752100
2023-12-13,26.700000762939453,28.399999618530273,26.420000076293945,27.920000076293945,80992700
2023-12-14,28.6200008392334,30.489999771118164,28.610000610351562,30.190000534057617,86502800
2023-12-15,30.459999084472656,31.59000015258789,30.350000381469727,30.56999969482422,66922000
2023-12-18,30.559999465942383,30.709999084472656,29.459999084472656,30.290000915527344,46100400
2023-12-19,30.329999923706055,30.979999542236328,30.290000915527344,30.75,39361100
2023-12-20,30.200000762939453,30.6200008392334,28.049999237060547,28.100000381469727,59562600
2023-12-21,29.75,30.40999984741211,29.350000381469727,30.260000228881836,62019200
2023-12-22,30.6200008392334,31.079999923706055,29.8799991607666,30.510000228881836,42657600
2023-12-26,30.93000030517578,32.529998779296875,30.90999984741211,32.15999984741211,48619700
2023-12-27,32.560001373291016,32.7400016784668,31.850000381469727,32.349998474121094,47991500
2023-12-28,32.59000015258789,32.779998779296875,32.04999923706055,32.220001220703125,34883800
2023-12-29,32.16999816894531,32.349998474121094,30.889999389648438,31.399999618530273,53294900
2024-01-02,29.889999389648438,29.899999618530273,27.260000228881836,28.040000915527344,79763800
2024-01-03,26.59000015258789,27.049999237060547,25.8799991607666,26.25,62304900
2024-01-04,24.959999084472656,26.329999923706055,24.799999237060547,25.579999923706055,75067000
2024-01-05,25.649999618530273,26.6200008392334,25.399999618530273,25.93000030517578,73944700
2024-01-08,26.489999771118164,28.670000076293945,26.43000030517578,28.43000030517578,73206500
2024-01-09,27.5,29.139999389648438,27.350000381469727,28.420000076293945,67616000
2024-01-10,28.639999389648438,28.68000030517578,27.09000015258789,28.170000076293945,62528400
2024-01-11,28.25,29.040000915527344,26.780000686645508,28.459999084472656,77551200
2024-01-12,28.579999923706055,28.979999542236328,27.610000610351562,28.100000381469727,48992100
2024-01-16,28.149999618530273,29.829999923706055,27.700000762939453,29.190000534057617,77707000
2024-01-17,28.3700008392334,28.549999237060547,26.959999084472656,28.43000030517578,77075400
2024-01-18,30.719999313354492,31.309999465942383,29.809999465942383,31.190000534057617,99590300
2024-01-19,32.41999816894531,34.9900016784668,31.899999618530273,34.86000061035156,91848600
2024-01-22,35.68000030517578,36.56999969482422,34.220001220703125,35.2599983215332,73322100
2024-01-23,35.22999954223633,36.0099983215332,34.220001220703125,35.91999816894531,50847400
2024-01-24,37.099998474121094,38.91999816894531,36.2599983215332,37.41999816894531,97248200
2024-01-25,39.5,39.529998779296875,36.52000045776367,37.119998931884766,82851400
2024-01-26,34.869998931884766,35.54999923706055,33.70000076293945,34.0099983215332,70933100
2024-01-29,34.22999954223633,35.130001068115234,33.5099983215332,35.040000915527344,54398800
2024-01-30,34.560001373291016,35.130001068115234,33.04999923706055,33.529998779296875,55768200
2024-01-31,31.920000076293945,33.869998931884766,31.139999389648438,32.099998474121094,85888800
2024-02-01,32.279998779296875,32.720001220703125,31.200000762939453,32.45000076293945,60671300
2024-02-02,32.349998474121094,33.91999816894531,32.16999816894531,33.650001525878906,67828900
2024-02-05,34.54999923706055,35.599998474121094,33.41999816894531,35.099998474121094,65899800
2024-02-06,35.369998931884766,35.47999954223633,32.65999984741211,33.83000183105469,62828900
2024-02-07,34.439998626708984,35.4900016784668,33.459999084472656,35.36000061035156,63261800
2024-02-08,35.7400016784668,37.95000076293945,35.63999938964844,37.150001525878906,59516900
2024-02-09,37.86000061035156,39.540000915527344,37.16999816894531,39.31999969482422,65860900
2024-02-12,39.40999984741211,41.33000183105469,38.650001525878906,39.150001525878906,72207900
2024-02-13,35.709999084472656,37.959999084472656,35.15999984741211,36.84000015258789,86489300
2024-02-14,38.13999938964844,39.27000045776367,37.61000061035156,39.119998931884766,62424100
2024-02-15,40.0,40.119998931884766,38.5,39.11000061035156,60937300
2024-02-16,39.84000015258789,40.779998779296875,37.970001220703125,38.33000183105469,77150800
2024-02-20,37.2400016784668,37.66999816894531,34.65999984741211,36.41999816894531,80980100
2024-02-21,35.11000061035156,36.150001525878906,34.58000183105469,36.13999938964844,64615200
2024-02-22,40.45000076293945,42.04999923706055,39.869998931884766,41.41999816894531,96865500
2024-02-23,42.13999938964844,42.68000030517578,39.40999984741211,40.16999816894531,68430000
2024-02-26,41.220001220703125,41.79999923706055,40.400001525878906,41.209999084472656,49475100
2024-02-27,41.810001373291016,42.15999984741211,40.779998779296875,41.11000061035156,48124600
2024-02-28,39.7400016784668,40.5,39.150001525878906,39.79999923706055,46281900
2024-02-29,41.209999084472656,43.130001068115234,40.77000045776367,42.84000015258789,67431600
2024-03-01,44.400001525878906,48.95000076293945,44.2400016784668,48.33000183105469,90615500
2024-03-04,50.0,51.40999984741211,49.0,49.77000045776367,81255500
2024-03-05,48.0099983215332,49.0,45.2599983215332,46.84000015258789,76835800
2024-03-06,49.77000045776367,51.849998474121094,48.720001220703125,50.220001220703125,91762300
2024-03-07,52.150001525878906,56.060001373291016,52.099998474121094,55.31999969482422,91590800
2024-03-08,55.939998626708984,56.9900016784668,48.79999923706055,48.95000076293945,129037200
2024-03-11,46.939998626708984,47.790000915527344,45.099998474121094,46.77000045776367,76456400
2024-03-12,48.439998626708984,49.689998626708984,46.0,49.58000183105469,89505900
2024-03-13,47.900001525878906,48.040000915527344,45.09000015258789,46.08000183105469,79513600
2024-03-14,45.5,46.34000015258789,42.18000030517578,43.529998779296875,77822900
2024-03-15,41.810001373291016,44.13999938964844,41.619998931884766,42.7400016784668,72496500
2024-03-18,44.70000076293945,45.2599983215332,42.33000183105469,42.540000915527344,65139200
2024-03-19,40.709999084472656,41.95000076293945,38.95000076293945,41.41999816894531,83450200
2024-03-20,41.59000015258789,43.79999923706055,40.619998931884766,43.400001525878906,79396800
2024-03-21,47.619998931884766,48.7599983215332,46.060001373291016,46.310001373291016,82495700
2024-03-22,45.68000030517578,47.5,45.25,46.43000030517578,57152800
2024-03-25,44.5,47.18000030517578,44.13999938964844,45.88999938964844,54917700
2024-03-26,46.81999969482422,47.369998931884766,44.880001068115234,45.029998779296875,55697600
2024-03-27,46.22999954223633,46.540000915527344,43.90999984741211,46.5,56643600
2024-03-28,46.310001373291016,47.29999923706055,46.0099983215332,46.529998779296875,45684700
2024-04-01,46.72999954223633,49.9900016784668,46.720001220703125,47.9900016784668,63270000
2024-04-02,45.83000183105469,46.15999984741211,44.380001068115234,45.880001068115234,57411500
2024-04-03,44.290000915527344,47.18000030517578,44.209999084472656,46.189998626708984,54158200
2024-04-04,48.130001068115234,48.4900016784668,41.97999954223633,42.369998931884766,82719300
2024-04-05,42.70000076293945,44.529998779296875,41.939998626708984,43.619998931884766,71151400
2024-04-08,44.5,45.189998626708984,43.5,44.0,42780900
2024-04-09,45.369998931884766,45.849998474121094,43.16999816894531,45.38999938964844,66283900
2024-04-10,43.11000061035156,44.77000045776367,42.189998626708984,43.09000015258789,74894000
2024-04-11,43.709999084472656,46.04999923706055,42.65999984741211,45.79999923706055,64703800
2024-04-12,43.31999969482422,43.54999923706055,41.029998779296875,41.5099983215332,79978400
2024-04-15,42.9900016784668,43.400001525878906,39.099998474121094,39.779998779296875,62077800
2024-04-16,39.75,41.16999816894531,39.209999084472656,40.540000915527344,62696200
2024-04-17,40.599998474121094,40.849998474121094,36.63999938964844,37.060001373291016,85426600
2024-04-18,36.040000915527344,36.79999923706055,34.529998779296875,34.90999984741211,91529700
2024-04-19,33.959999084472656,34.58000183105469,30.200000762939453,30.790000915527344,105240100
2024-04-22,31.579999923706055,32.849998474121094,30.5,32.06999969482422,65096900
2024-04-23,32.81999969482422,34.65999984741211,32.59000015258789,34.11000061035156,66511500
2024-04-24,36.90999984741211,37.47999954223633,34.599998474121094,35.4900016784668,80370100
2024-04-25,35.279998779296875,38.18000030517578,34.63999938964844,37.40999984741211,80677600
2024-04-26,37.31999969482422,40.290000915527344,37.0099983215332,39.79999923706055,59041700
2024-04-29,39.599998474121094,40.83000183105469,38.709999084472656,40.61000061035156,51120700
2024-04-30,40.08000183105469,41.4900016784668,38.119998931884766,38.18000030517578,56304200
2024-05-01,36.08000183105469,38.060001373291016,33.650001525878906,34.369998931884766,97290300
2024-05-02,35.97999954223633,36.90999984741211,34.119998931884766,36.45000076293945,56653400
2024-05-03,38.75,39.58000183105469,38.099998474121094,38.970001220703125,58599400
2024-05-06,39.970001220703125,41.380001068115234,39.47999954223633,41.29999923706055,48404800
2024-05-07,41.529998779296875,41.90999984741211,40.279998779296875,40.36000061035156,51508400
2024-05-08,39.060001373291016,40.5,38.959999084472656,40.40999984741211,53735100
2024-05-09,40.400001525878906,40.619998931884766,39.310001373291016,39.959999084472656,39132700
2024-05-10,41.150001525878906,42.2400016784668,40.52000045776367,41.029998779296875,47048400
2024-05-13,41.599998474121094,42.06999969482422,41.08000183105469,41.27000045776367,30565400
2024-05-14,41.18000030517578,43.439998626708984,41.04999923706055,43.209999084472656,41581500
2024-05-15,44.66999816894531,47.06999969482422,43.9900016784668,47.0,58063500
2024-05-16,46.959999084472656,48.029998779296875,46.209999084472656,46.2599983215332,46325500
2024-05-17,47.02000045776367,47.380001068115234,44.33000183105469,45.400001525878906,40965800
2024-05-20,45.959999084472656,49.29999923706055,45.810001373291016,48.25,55103200
2024-05-21,46.54999923706055,48.189998626708984,46.40999984741211,47.97999954223633,36437200
2024-05-22,49.25,50.0,48.099998474121094,49.380001068115234,55487800
2024-05-23,53.150001525878906,53.20000076293945,47.54999923706055,48.810001373291016,81175900
2024-05-24,50.02000045776367,52.06999969482422,49.349998474121094,51.439998626708984,48477400
2024-05-28,53.34000015258789,54.88999938964844,51.75,54.040000915527344,50658400
2024-05-29,51.150001525878906,51.91999816894531,50.650001525878906,50.97999954223633,42965600
2024-05-30,50.84000015258789,51.34000015258789,48.97999954223633,50.0,38260500
2024-05-31,50.29999923706055,50.720001220703125,44.380001068115234,48.59000015258789,72522600
2024-06-03,50.810001373291016,50.93000030517578,46.119998931884766,48.59000015258789,53127300
2024-06-04,48.459999084472656,48.650001525878906,46.43000030517578,47.59000015258789,46692500
2024-06-05,50.029998779296875,53.869998931884766,49.56999969482422,53.52000045776367,66560100
2024-06-06,53.790000915527344,53.790000915527344,51.22999954223633,52.5099983215332,43947600
2024-06-07,52.22999954223633,52.900001525878906,50.810001373291016,51.869998931884766,50248700
2024-06-10,50.52000045776367,54.58000183105469,50.41999816894531,53.95000076293945,43759400
2024-06-11,53.380001068115234,54.47999954223633,51.70000076293945,54.16999816894531,37695700
2024-06-12,57.25,59.45000076293945,56.810001373291016,58.720001220703125,73759300
2024-06-13,60.06999969482422,61.4900016784668,58.29999923706055,60.86000061035156,45660700
2024-06-14,58.95000076293945,60.54999923706055,58.349998474121094,60.099998474121094,39112000
2024-06-17,61.0,63.150001525878906,58.95000076293945,62.66999816894531,54196500
2024-06-18,63.41999816894531,66.19000244140625,63.099998474121094,65.23999786376953,47069100
2024-06-20,65.5199966430664,65.83000183105469,58.790000915527344,60.02000045776367,60852900
2024-06-21,58.41999816894531,60.18000030517578,56.029998779296875,58.20000076293945,50012300
2024-06-24,56.45000076293945,57.4900016784668,53.029998779296875,53.220001220703125,54326400
2024-06-25,54.22999954223633,55.45000076293945,52.349998474121094,55.29999923706055,43610200
2024-06-26,55.15999984741211,56.220001220703125,52.849998474121094,54.779998779296875,41093400
2024-06-27,54.33000183105469,55.58000183105469,52.81999969482422,53.79999923706055,35417000
2024-06-28,54.869998931884766,58.58000183105469,54.09000015258789,55.36000061035156,55584600
2024-07-01,55.36000061035156,55.54999923706055,52.25,55.36000061035156,43335000
2024-07-02,54.36000061035156,57.75,54.279998779296875,57.599998474121094,45011700
2024-07-03,58.099998474121094,61.52000045776367,57.18000030517578,60.38999938964844,40242700
2024-07-05,61.86000061035156,62.380001068115234,59.790000915527344,60.810001373291016,38395400
2024-07-08,62.2599983215332,64.5,62.20000076293945,64.30999755859375,42861600
2024-07-09,65.12999725341797,66.1500015258789,62.41999816894531,64.25,41789800
2024-07-10,65.88999938964844,69.0,65.01000213623047,68.58999633789062,48280800
2024-07-11,70.01000213623047,70.08000183105469,61.220001220703125,61.9900016784668,75368500
2024-07-12,62.84000015258789,67.30000305175781,61.650001525878906,63.939998626708984,51046400
2024-07-15,64.94000244140625,66.76000213623047,63.04999923706055,64.13999938964844,48228700
2024-07-16,65.0199966430664,65.58999633789062,62.22999954223633,65.30000305175781,39846400
2024-07-17,58.599998474121094,59.29999923706055,51.220001220703125,51.54999923706055,99429800
2024-07-18,54.15999984741211,54.16999816894531,49.119998931884766,51.65999984741211,94172600
2024-07-19,51.779998779296875,52.369998931884766,46.75,47.0,75969100
2024-07-22,50.04999923706055,52.95000076293945,48.810001373291016,52.93000030517578,73675300
2024-07-23,50.5,52.06999969482422,50.0,50.529998779296875,50181600
2024-07-24,48.43000030517578,48.790000915527344,42.25,42.900001525878906,90534800
2024-07-25,41.5099983215332,43.70000076293945,37.38999938964844,39.779998779296875,143325900
2024-07-26,42.2400016784668,43.0,40.709999084472656,41.91999816894531,82759200
2024-07-29,43.369998931884766,45.0,41.2599983215332,41.810001373291016,80788400
2024-07-30,42.380001068115234,42.66999816894531,36.779998779296875,37.2400016784668,108596000
2024-07-31,42.29999923706055,44.7599983215332,41.41999816894531,44.38999938964844,96880500
2024-08-01,42.04999923706055,43.41999816894531,33.41999816894531,35.0,163864400
2024-08-02,30.559999465942383,31.59000015258789,28.139999389648438,29.34000015258789,198233900
2024-08-05,23.520000457763672,30.149999618530273,23.5,27.889999389648438,220042200
2024-08-06,28.600000381469727,30.799999237060547,27.170000076293945,28.579999923706055,137309500
2024-08-07,31.31999969482422,31.940000534057617,25.940000534057617,26.219999313354492,146256500
2024-08-08,28.56999969482422,31.600000381469727,26.8700008392334,31.459999084472656,149988600
2024-08-09,30.709999084472656,31.790000915527344,29.579999923706055,31.010000228881836,96949800
2024-08-12,31.110000610351562,32.59000015258789,30.229999542236328,31.40999984741211,89135100
2024-08-13,32.65999984741211,35.43000030517578,32.189998626708984,35.279998779296875,103380000
2024-08-14,36.18000030517578,36.63999938964844,33.27000045776367,35.04999923706055,112421600
2024-08-15,37.349998474121094,40.470001220703125,36.86000061035156,39.91999816894531,107522700
2024-08-16,38.790000915527344,40.22999954223633,38.06999969482422,39.72999954223633,82364600
2024-08-19,39.279998779296875,41.75,37.88999938964844,41.599998474121094,77684200
2024-08-20,41.04999923706055,41.91999816894531,39.099998474121094,40.09000015258789,83644600
2024-08-21,40.75,42.36000061035156,40.33000183105469,41.72999954223633,83611500
2024-08-22,42.5099983215332,42.880001068115234,37.11000061035156,37.5099983215332,107889900
2024-08-23,39.15999984741211,41.209999084472656,38.59000015258789,40.400001525878906,87128100
2024-08-26,39.75,40.290000915527344,36.90999984741211,37.369998931884766,86603000
2024-08-27,36.5099983215332,38.970001220703125,35.52000045776367,38.4900016784668,74033300
2024-08-28,38.09000015258789,38.86000061035156,35.290000915527344,36.599998474121094,101998500
2024-08-29,37.060001373291016,38.93000030517578,35.630001068115234,36.189998626708984,97333200
2024-08-30,38.68000030517578,39.220001220703125,37.060001373291016,38.790000915527344,85280800
2024-09-03,36.79999923706055,36.810001373291016,29.399999618530273,30.06999969482422,140077900
2024-09-04,29.06999969482422,31.690000534057617,28.729999542236328,30.299999237060547,108759900
2024-09-05,29.049999237060547,31.200000762939453,28.829999923706055,29.75,100075900
2024-09-06,29.110000610351562,29.170000076293945,25.5,25.959999084472656,156147600
2024-09-09,27.18000030517578,27.729999542236328,26.149999618530273,27.43000030517578,84474500
2024-09-10,27.540000915527344,28.389999389648438,26.239999771118164,28.350000381469727,81557500
2024-09-11,28.889999389648438,32.41999816894531,27.079999923706055,32.220001220703125,143140900
2024-09-12,31.75,32.689998626708984,30.350000381469727,31.809999465942383,98895800
2024-09-13,32.52000045776367,33.720001220703125,32.36000061035156,33.43000030517578,78147300
2024-09-16,32.029998779296875,32.63999938964844,30.84000015258789,32.15999984741211,79670100
2024-09-17,33.310001373291016,33.560001373291016,31.360000610351562,32.15999984741211,86913700
2024-09-18,32.540000915527344,34.0,31.049999237060547,31.139999389648438,113735500
2024-09-19,34.68000030517578,36.439998626708984,33.880001068115234,35.119998931884766,123984300
2024-09-20,34.04999923706055,34.400001525878906,32.040000915527344,33.54999923706055,108589600
2024-09-23,33.970001220703125,34.380001068115234,33.189998626708984,33.91999816894531,59731600
2024-09-24,34.84000015258789,35.70000076293945,33.58000183105469,35.06999969482422,83369600
2024-09-25,34.709999084472656,36.459999084472656,34.650001525878906,35.7400016784668,73587500
2024-09-26,40.20000076293945,40.5099983215332,36.709999084472656,39.650001525878906,138171800
2024-09-27,40.0,40.0099983215332,37.099998474121094,37.65999984741211,85253500
2024-09-30,36.25,37.40999984741211,35.04999923706055,36.68000030517578,74316700
2024-10-01,36.59000015258789,36.9900016784668,32.7400016784668,33.83000183105469,124928300
2024-10-02,33.849998474121094,36.04999923706055,33.15999984741211,34.959999084472656,81729100
2024-10-03,34.06999969482422,36.61000061035156,33.97999954223633,35.209999084472656,86857200
2024-10-04,37.310001373291016,37.529998779296875,35.45000076293945,36.68000030517578,100846900
2024-10-07,35.91999816894531,37.2400016784668,35.56999969482422,36.40999984741211,73150200
2024-10-08,36.41999816894531,37.83000183105469,35.65999984741211,37.459999084472656,66629700
2024-10-09,37.290000915527344,38.7599983215332,36.529998779296875,38.61000061035156,67182800
2024-10-10,37.099998474121094,38.41999816894531,36.36000061035156,37.83000183105469,79999000
2024-10-11,36.93000030517578,39.04999923706055,36.86000061035156,38.66999816894531,58434500
2024-10-14,39.439998626708984,41.060001373291016,39.349998474121094,40.81999969482422,69661800
2024-10-15,40.4900016784668,41.189998626708984,33.63999938964844,34.470001220703125,131664200
2024-10-16,35.75,35.75,34.0,34.459999084472656,70233000
2024-10-17,37.16999816894531,37.36000061035156,35.209999084472656,35.209999084472656,97549000
2024-10-18,36.25,36.33000183105469,34.849998474121094,35.27000045776367,56704300
2024-10-21,34.84000015258789,35.380001068115234,33.72999954223633,35.09000015258789,59115800
2024-10-22,34.400001525878906,35.029998779296875,33.849998474121094,34.689998626708984,51493100
2024-10-23,34.40999984741211,34.880001068115234,32.290000915527344,33.79999923706055,81658300
2024-10-24,34.58000183105469,34.7400016784668,33.529998779296875,34.290000915527344,60128300
2024-10-25,35.189998626708984,36.869998931884766,35.16999816894531,35.279998779296875,82300500
2024-10-28,35.29999923706055,36.09000015258789,34.75,35.349998474121094,51661100
2024-10-29,35.459999084472656,38.45000076293945,34.939998626708984,37.97999954223633,72288200
2024-10-30,34.970001220703125,35.70000076293945,33.90999984741211,34.0099983215332,89440100
2024-10-31,33.0099983215332,33.02000045776367,29.229999542236328,30.09000015258789,135437800
2024-11-01,30.690000534057617,31.829999923706055,30.3799991607666,30.829999923706055,80726000
2024-11-04,30.610000610351562,31.670000076293945,30.010000228881836,30.350000381469727,60422400
2024-11-05,30.360000610351562,31.489999771118164,30.25,31.3799991607666,63174900
2024-11-06,33.25,34.5,32.400001525878906,34.119998931884766,97893100
2024-11-07,35.77000045776367,36.369998931884766,35.439998626708984,36.209999084472656,77945800
2024-11-08,35.560001373291016,36.279998779296875,34.84000015258789,35.40999984741211,62666300
2024-11-11,34.349998474121094,34.40999984741211,31.479999542236328,32.77000045776367,99155700
2024-11-12,32.369998931884766,32.54999923706055,30.3799991607666,31.670000076293945,75694800
2024-11-13,30.829999923706055,31.219999313354492,29.469999313354492,29.690000534057617,92269200
2024-11-14,30.59000015258789,30.84000015258789,29.3799991607666,29.600000381469727,68994200
2024-11-15,28.010000228881836,28.489999771118164,26.43000030517578,26.65999984741211,113560200
2024-11-18,26.700000762939453,27.829999923706055,26.299999237060547,27.670000076293945,70256700
2024-11-19,27.3700008392334,28.030000686645508,27.09000015258789,27.850000381469727,57030600
2024-11-20,27.34000015258789,27.559999465942383,26.0,27.1299991607666,90911700
2024-11-21,28.049999237060547,28.920000076293945,26.469999313354492,28.489999771118164,106013200
2024-11-22,28.25,28.690000534057617,27.84000015258789,28.489999771118164,52604100
2024-11-25,29.579999923706055,30.100000381469727,28.739999771118164,29.329999923706055,70536000
2024-11-26,30.040000915527344,30.25,27.459999084472656,28.1299991607666,73204200
2024-11-27,27.68000030517578,27.75,25.579999923706055,26.979999542236328,84235700
2024-11-29,27.549999237060547,29.040000915527344,27.5,28.059999465942383,54303400
2024-12-02,28.559999465942383,30.799999237060547,28.459999084472656,30.200000762939453,89389800
2024-12-03,29.579999923706055,30.280000686645508,29.399999618530273,29.729999542236328,59730300
2024-12-04,31.540000915527344,31.559999465942383,30.239999771118164,30.8799991607666,67498800
2024-12-05,30.75,30.8700008392334,28.8799991607666,29.1200008392334,59282100
2024-12-06,29.200000762939453,29.860000610351562,28.899999618530273,29.610000610351562,49152300
2024-12-09,29.06999969482422,30.31999969482422,28.610000610351562,29.229999542236328,54963000
2024-12-10,29.43000030517578,29.530000686645508,26.559999465942383,27.059999465942383,77681700
2024-12-11,28.329999923706055,29.6299991607666,27.790000915527344,29.1200008392334,77277400
2024-12-12,28.450000762939453,28.829999923706055,27.739999771118164,28.459999084472656,59937600
2024-12-13,30.3700008392334,31.309999465942383,29.489999771118164,30.700000762939453,103693900
2024-12-16,31.1200008392334,32.95000076293945,30.389999389648438,32.5099983215332,85469700
2024-12-17,31.579999923706055,32.09000015258789,30.549999237060547,31.1299991607666,64499000
2024-12-18,31.780000686645508,32.47999954223633,27.0,27.829999923706055,102912200
2024-12-19,27.969999313354492,28.010000228881836,26.059999465942383,26.299999237060547,86520100
2024-12-20,25.81999969482422,28.3700008392334,25.59000015258789,27.299999237060547,108080200
2024-12-23,27.889999389648438,29.760000228881836,27.860000610351562,29.59000015258789,79330900
2024-12-24,30.260000228881836,30.56999969482422,29.65999984741211,30.479999542236328,39963700
2024-12-26,29.899999618530273,31.100000381469727,29.760000228881836,30.56999969482422,45184100
2024-12-27,29.979999542236328,30.18000030517578,28.59000015258789,29.690000534057617,59316300
2024-12-30,28.239999771118164,28.780000686645508,27.31999969482422,27.940000534057617,64859000
2024-12-31,28.200000762939453,28.56999969482422,26.93000030517578,27.309999465942383,61199500
2025-01-02,28.1299991607666,29.049999237060547,27.040000915527344,27.670000076293945,80996300
2025-01-03,28.31999969482422,30.1200008392334,28.15999984741211,29.81999969482422,72119600
2025-01-06,31.809999465942383,33.630001068115234,31.809999465942383,32.4900016784668,95159500
2025-01-07,33.56999969482422,33.72999954223633,30.600000381469727,31.149999618530273,79205700
2025-01-08,30.799999237060547,31.010000228881836,29.18000030517578,30.18000030517578,69523500
2025-01-10,29.059999465942383,29.09000015258789,27.440000534057617,28.059999465942383,85395000
2025-01-13,26.440000534057617,27.8700008392334,26.25,27.850000381469727,68286400
2025-01-14,28.469999313354492,28.959999084472656,27.18000030517578,28.1200008392334,79759400
2025-01-15,29.649999618530273,30.459999084472656,29.299999237060547,29.940000534057617,69461300
2025-01-16,31.459999084472656,31.719999313354492,29.989999771118164,29.989999771118164,78881100
2025-01-17,32.029998779296875,32.709999084472656,31.479999542236328,32.4900016784668,69688900
2025-01-21,33.33000183105469,34.529998779296875,32.5,33.689998626708984,60897500
2025-01-22,34.689998626708984,36.150001525878906,34.40999984741211,35.150001525878906,57709400
2025-01-23,33.439998626708984,34.91999816894531,33.0099983215332,34.91999816894531,44900600
2025-01-24,34.939998626708984,34.939998626708984,32.310001373291016,32.650001525878906,60111500
2025-01-27,27.65999984741211,28.079999923706055,23.84000015258789,25.059999465942383,198431800
2025-01-28,25.440000534057617,25.799999237060547,23.75,25.3700008392334,103185300
2025-01-29,26.110000610351562,26.299999237060547,24.850000381469727,25.68000030517578,94141700
2025-01-30,26.579999923706055,27.670000076293945,26.139999389648438,27.149999618530273,87140400
2025-01-31,27.6299991607666,29.25,26.700000762939453,27.020000457763672,102136600
2025-02-03,24.799999237060547,26.489999771118164,24.309999465942383,25.610000610351562,103914300
2025-02-04,25.34000015258789,26.600000381469727,25.200000762939453,26.25,60520500
2025-02-05,26.09000015258789,27.950000762939453,25.540000915527344,27.700000762939453,70330700
2025-02-06,27.170000076293945,27.799999237060547,26.719999313354492,27.690000534057617,59735100
2025-02-07,27.8700008392334,28.280000686645508,25.799999237060547,26.329999923706055,87930800
2025-02-10,26.920000076293945,27.549999237060547,26.899999618530273,27.350000381469727,53330500
2025-02-11,26.68000030517578,27.899999618530273,26.68000030517578,27.399999618530273,43880500
2025-02-12,26.18000030517578,27.540000915527344,25.950000762939453,27.540000915527344,57999300
2025-02-13,27.489999771118164,28.549999237060547,27.399999618530273,28.469999313354492,61026300
2025-02-14,28.489999771118164,28.81999969482422,28.110000610351562,28.549999237060547,43089600
2025-02-18,29.200000762939453,30.229999542236328,28.709999084472656,29.989999771118164,60222200
2025-02-19,30.190000534057617,31.889999389648438,29.760000228881836,31.469999313354492,58412700
2025-02-20,32.060001373291016,32.63999938964844,30.700000762939453,31.700000762939453,50903200
2025-02-21,31.90999984741211,31.959999084472656,28.399999618530273,28.809999465942383,61966500
2025-02-24,29.15999984741211,29.260000228881836,26.65999984741211,26.760000228881836,63724100
2025-02-25,26.65999984741211,26.920000076293945,24.81999969482422,25.06999969482422,90907500
2025-02-26,25.989999771118164,27.0,25.520000457763672,26.290000915527344,75869500
2025-02-27,26.780000686645508,26.899999618530273,21.729999542236328,21.75,144841600
2025-02-28,21.799999237060547,23.219999313354492,21.020000457763672,22.729999542236328,110939400
2025-03-03,23.719999313354492,23.729999542236328,19.709999084472656,20.510000228881836,141822100
2025-03-04,20.280000686645508,22.260000228881836,19.0,20.649999618530273,154119800
2025-03-05,21.25,22.15999984741211,20.1200008392334,21.950000762939453,117702400
2025-03-06,19.709999084472656,21.020000457763672,19.010000228881836,19.229999542236328,164277600
2025-03-07,19.5,21.09000015258789,18.75,20.8799991607666,139349200
2025-03-10,19.34000015258789,19.799999237060547,17.100000381469727,17.989999771118164,169215200
2025-03-11,18.049999237060547,18.5,16.510000228881836,17.40999984741211,161267000
2025-03-12,18.540000915527344,19.110000610351562,17.899999618530273,18.299999237060547,137654500
2025-03-13,18.3799991607666,19.270000457763672,17.579999923706055,18.09000015258789,117160200
2025-03-14,19.059999465942383,19.93000030517578,18.989999771118164,19.799999237060547,99718700
2025-03-17,19.510000228881836,21.280000686645508,19.5,20.790000915527344,82794200
2025-03-18,20.190000534057617,20.399999618530273,19.520000457763672,19.93000030517578,79140900
2025-03-19,19.889999389648438,21.3700008392334,19.459999084472656,20.3799991607666,83249700
2025-03-20,19.610000610351562,20.56999969482422,19.59000015258789,19.93000030517578,80380600
2025-03-21,18.81999969482422,19.489999771118164,18.3700008392334,19.280000686645508,84348300
2025-03-24,20.479999542236328,21.3700008392334,20.3700008392334,21.0,91671300
2025-03-25,20.829999923706055,21.020000457763672,20.350000381469727,20.549999237060547,57784400
2025-03-26,20.299999237060547,20.510000228881836,18.200000762939453,18.790000915527344,94328400
2025-03-27,18.170000076293945,18.40999984741211,17.360000610351562,17.760000228881836,103112800
2025-03-28,17.329999923706055,17.59000015258789,15.739999771118164,16.030000686645508,138232400
2025-03-31,15.069999694824219,15.979999542236328,14.399999618530273,15.949999809265137,111345600
2025-04-01,15.729999542236328,15.989999771118164,14.829999923706055,15.949999809265137,106085000
2025-04-02,15.1899995803833,16.889999389648438,15.029999732971191,16.260000228881836,141655200
2025-04-03,13.8100004196167,14.119999885559082,11.399999618530273,11.40999984741211,302517400
2025-04-04,10.050000190734863,10.430000305175781,8.180000305175781,8.729999542236328,499158100
2025-04-07,7.880000114440918,10.979999542236328,7.230000019073486,9.149999618530273,723467300
2025-04-08,10.40999984741211,10.84000015258789,7.599999904632568,8.25,488735500
2025-04-09,8.479999542236328,13.109999656677246,8.239999771118164,12.770000457763672,787748800
2025-04-10,10.920000076293945,11.140000343322754,8.350000381469727,9.630000114440918,686331800
2025-04-11,9.350000381469727,10.390000343322754,8.90999984741211,10.229999542236328,412972900
2025-04-14,11.149999618530273,11.15999984741211,9.970000267028809,10.470000267028809,358849500
2025-04-15,10.600000381469727,11.020000457763672,10.40999984741211,10.600000381469727,230001400
2025-04-16,9.130000114440918,9.75,8.329999923706055,9.34000015258789,362439300
2025-04-17,9.550000190734863,9.550000190734863,8.899999618530273,9.199999809265137,233659100
2025-04-21,8.670000076293945,8.739999771118164,8.149999618530273,8.710000038146973,255318100
2025-04-22,8.960000038146973,9.399999618530273,8.850000381469727,9.180000305175781,249211900
2025-04-23,10.579999923706055,10.899999618530273,10.100000381469727,10.289999961853027,368456100
2025-04-24,11.050000190734863,12.09000015258789,10.850000381469727,12.0,339636700
2025-04-25,11.630000114440918,12.59000015258789,11.510000228881836,12.34000015258789,274438500
2025-04-28,12.15999984741211,12.529999732971191,11.449999809265137,12.289999961853027,203468900
2025-04-29,11.8100004196167,12.270000457763672,11.619999885559082,11.859999656677246,184045100
2025-04-30,10.989999771118164,12.210000038146973,10.75,12.15999984741211,229393200
2025-05-01,12.539999961853027,12.8100004196167,12.050000190734863,12.100000381469727,203349500
2025-05-02,12.890000343322754,13.6899995803833,12.890000343322754,13.289999961853027,223410600
2025-05-05,12.930000305175781,13.40999984741211,12.869999885559082,13.050000190734863,127572300
2025-05-06,12.329999923706055,12.949999809265137,12.119999885559082,12.640000343322754,158548700
2025-05-07,12.609999656677246,13.399999618530273,12.229999542236328,13.279999732971191,189249300
2025-05-08,13.84000015258789,14.34000015258789,13.380000114440918,13.65999984741211,203277000
2025-05-09,14.210000038146973,14.470000267028809,13.739999771118164,14.109999656677246,149644500
2025-05-12,16.889999389648438,17.469999313354492,16.5,17.1299991607666,263806000
2025-05-13,17.360000610351562,18.860000610351562,17.280000686645508,18.600000381469727,212931800
2025-05-14,18.969999313354492,19.3700008392334,18.43000030517578,18.84000015258789,179343100
2025-05-15,18.31999969482422,18.90999984741211,17.81999969482422,18.469999313354492,141287600
2025-05-16,18.530000686645508,18.600000381469727,17.760000228881836,18.389999389648438,113068600
2025-05-19,17.149999618530273,18.209999084472656,17.09000015258789,18.059999465942383,123632000
2025-05-20,17.6200008392334,18.0,17.440000534057617,17.969999313354492,84252500
2025-05-21,17.559999465942383,18.59000015258789,16.649999618530273,17.0,149964800
2025-05-22,16.969999313354492,17.43000030517578,16.479999542236328,16.510000228881836,144981100
2025-05-23,15.210000038146973,16.0,15.100000381469727,15.729999542236328,179062600
2025-05-27,16.739999771118164,17.510000228881836,16.350000381469727,17.290000915527344,136539700
2025-05-28,17.43000030517578,17.56999969482422,16.899999618530273,17.040000915527344,126785300
2025-05-29,18.18000030517578,18.209999084472656,16.899999618530273,17.200000762939453,179820200
2025-05-30,16.899999618530273,16.899999618530273,15.239999771118164,16.170000076293945,194058700
2025-06-02,16.059999465942383,17.100000381469727,16.040000915527344,16.899999618530273,103937000
2025-06-03,16.93000030517578,18.3799991607666,16.579999923706055,18.299999237060547,158644000
2025-06-04,18.68000030517578,19.260000228881836,18.219999313354492,19.09000015258789,146325300
2025-06-05,19.489999771118164,19.989999771118164,18.420000076293945,18.809999465942383,187397100
2025-06-06,19.399999618530273,19.950000762939453,19.149999618530273,19.18000030517578,114398700
2025-06-09,19.709999084472656,21.059999465942383,19.68000030517578,20.579999923706055,162686000
2025-06-10,20.84000015258789,22.100000381469727,20.690000534057617,21.889999389648438,142811000
2025-06-11,22.360000610351562,22.600000381469727,20.989999771118164,21.639999389648438,160395000
2025-06-12,21.239999771118164,22.06999969482422,21.09000015258789,21.690000534057617,100384500
2025-06-13,20.31999969482422,21.059999465942383,19.84000015258789,20.040000915527344,166989600
2025-06-16,20.829999923706055,22.219999313354492,20.790000915527344,21.899999618530273,121972300
2025-06-17,21.610000610351562,22.530000686645508,21.34000015258789,21.420000076293945,122379500
2025-06-18,21.719999313354492,22.3799991607666,21.229999542236328,21.610000610351562,113893800
2025-06-20,22.139999389648438,22.329999923706055,20.3700008392334,21.209999084472656,137078900
2025-06-23,21.18000030517578,21.979999542236328,20.280000686645508,21.579999923706055,125143700
2025-06-24,22.65999984741211,24.030000686645508,22.6299991607666,23.950000762939453,137608000
2025-06-25,24.399999618530273,24.600000381469727,23.8700008392334,24.579999923706055,107621600
2025-06-26,25.18000030517578,25.360000610351562,24.59000015258789,25.200000762939453,92382200
2025-06-27,25.209999084472656,25.84000015258789,24.280000686645508,25.110000610351562,113655600
2025-06-30,25.489999771118164,25.5,24.68000030517578,25.110000610351562,78035000
2025-07-01,24.3799991607666,25.170000076293945,23.579999923706055,24.709999084472656,107277300
2025-07-02,24.510000228881836,26.389999389648438,24.450000762939453,26.049999237060547,107157100
2025-07-03,26.399999618530273,26.719999313354492,26.229999542236328,26.43000030517578,62695800
2025-07-07,25.729999542236328,26.049999237060547,24.6200008392334,24.969999313354492,93297600
2025-07-08,25.6299991607666,27.030000686645508,25.360000610351562,26.3700008392334,90457500
2025-07-09,26.6299991607666,27.40999984741211,25.889999389648438,26.649999618530273,86818700
2025-07-10,27.389999389648438,27.729999542236328,26.65999984741211,27.3700008392334,87602500
2025-07-11,26.850000381469727,27.540000915527344,26.549999237060547,27.290000915527344,71855400
2025-07-14,26.639999389648438,26.770000457763672,25.31999969482422,26.5,99670600
2025-07-15,28.049999237060547,28.459999084472656,27.209999084472656,27.290000915527344,108926200
2025-07-16,26.600000381469727,27.049999237060547,24.90999984741211,27.030000686645508,125700900
2025-07-17,26.959999084472656,27.510000228881836,26.420000076293945,27.31999969482422,85334100
2025-07-18,27.65999984741211,27.899999618530273,26.760000228881836,27.329999923706055,68274300
2025-07-21,27.559999465942383,28.5,27.440000534057617,27.5,79860300
2025-07-22,27.1200008392334,27.280000686645508,25.34000015258789,26.31999969482422,118871600
2025-07-23,25.649999618530273,25.90999984741211,24.84000015258789,25.780000686645508,105639200
2025-07-24,25.65999984741211,25.790000915527344,24.950000762939453,25.6200008392334,77503300
2025-07-25,25.170000076293945,25.6200008392334,24.829999923706055,25.600000381469727,68037900
2025-07-28,26.3799991607666,26.989999771118164,26.34000015258789,26.8799991607666,88108400
2025-07-29,27.40999984741211,28.15999984741211,26.5,27.030000686645508,101714500
2025-07-30,27.75,28.1299991607666,26.93000030517578,27.610000610351562,96772200
2025-07-31,26.700000762939453,26.739999771118164,24.200000762939453,24.979999542236328,133413800
2025-08-01,23.579999923706055,24.829999923706055,22.56999969482422,24.079999923706055,132665200
2025-08-04,24.59000015258789,25.18000030517578,24.239999771118164,25.0,85963800
2025-08-05,25.420000076293945,25.68000030517578,23.610000610351562,24.520000457763672,99733400
2025-08-06,23.84000015258789,24.1200008392334,22.950000762939453,23.989999771118164,103447500
2025-08-07,25.479999542236328,25.8799991607666,24.530000686645508,25.0,117228400
2025-08-08,25.15999984741211,25.829999923706055,24.899999618530273,25.709999084472656,71389900
2025-08-11,26.030000686645508,26.889999389648438,25.450000762939453,25.610000610351562,75943500
2025-08-12,26.209999084472656,28.079999923706055,25.68000030517578,28.0,125315900
2025-08-13,28.649999618530273,29.329999923706055,28.309999465942383,29.270000457763672,89497100
2025-08-14,28.1200008392334,29.65999984741211,27.950000762939453,29.420000076293945,84286800
2025-08-15,28.709999084472656,28.709999084472656,27.06999969482422,27.3700008392334,93664700
2025-08-18,27.100000381469727,27.649999618530273,27.030000686645508,27.530000686645508,50310400
2025-08-19,27.56999969482422,27.860000610351562,26.100000381469727,26.239999771118164,75595100
2025-08-20,26.110000610351562,26.110000610351562,23.65999984741211,25.799999237060547,117636500
2025-08-21,25.399999618530273,25.899999618530273,24.90999984741211,25.350000381469727,67871100
2025-08-22,25.559999465942383,28.31999969482422,25.34000015258789,27.450000762939453,117140900
2025-08-25,27.350000381469727,27.579999923706055,26.809999465942383,27.299999237060547,55018700
2025-08-26,27.530000686645508,28.219999313354492,27.520000457763672,27.940000534057617,57544300
2025-08-27,27.610000610351562,28.229999542236328,27.280000686645508,28.18000030517578,61375200
2025-08-28,28.40999984741211,29.110000610351562,27.959999084472656,28.530000686645508,74466400
2025-08-29,27.31999969482422,27.350000381469727,25.670000076293945,26.040000915527344,108411300
2025-09-02,24.079999923706055,25.280000686645508,23.799999237060547,25.25,101906700
2025-09-03,25.40999984741211,25.40999984741211,24.1200008392334,24.90999984741211,79482200
2025-09-04,24.40999984741211,25.729999542236328,23.979999542236328,25.649999618530273,81641200
2025-09-05,26.81999969482422,26.969999313354492,25.600000381469727,26.450000762939453,110749400
2025-09-08,26.959999084472656,27.43000030517578,26.68000030517578,27.079999923706055,72341700
2025-09-09,27.170000076293945,27.3700008392334,26.56999969482422,27.18000030517578,55882300
2025-09-10,28.479999542236328,28.829999923706055,28.06999969482422,28.600000381469727,86721600
2025-09-11,29.059999465942383,29.610000610351562,28.969999313354492,29.170000076293945,69919800
2025-09-12,29.3700008392334,29.549999237060547,28.790000915527344,29.299999237060547,52502600
2025-09-15,29.139999389648438,30.030000686645508,28.920000076293945,30.0,61268000
2025-09-16,30.329999923706055,30.649999618530273,29.790000915527344,30.479999542236328,54148200
2025-09-17,30.280000686645508,31.25,29.15999984741211,30.469999313354492,80483900
2025-09-18,32.7599983215332,34.13999938964844,32.43000030517578,33.63999938964844,104513300
2025-09-19,33.560001373291016,33.599998474121094,32.119998931884766,33.02000045776367,66106100
2025-09-22,33.20000076293945,34.75,33.189998626708984,34.43000030517578,62948200
2025-09-23,34.70000076293945,35.29999923706055,33.66999816894531,34.29999923706055,63661700
2025-09-24,33.959999084472656,34.38999938964844,32.810001373291016,34.20000076293945,58369900
2025-09-25,32.439998626708984,34.060001373291016,31.360000610351562,33.849998474121094,79969600
2025-09-26,33.93000030517578,34.22999954223633,32.83000183105469,34.02000045776367,60944500
2025-09-29,35.029998779296875,35.4900016784668,33.9900016784668,34.02000045776367,56593700
2025-09-30,34.06999969482422,34.959999084472656,33.56999969482422,34.84000015258789,60696800
2025-10-01,34.18000030517578,36.97999954223633,33.97999954223633,36.86000061035156,67094700
2025-10-02,38.959999084472656,39.31999969482422,38.13999938964844,39.08000183105469,68834400
2025-10-03,39.47999954223633,40.060001373291016,37.619998931884766,38.22999954223633,69252500
2025-10-06,42.83000183105469,43.369998931884766,41.65999984741211,41.709999084472656,99880300
2025-10-07,42.779998779296875,43.02000045776367,38.70000076293945,38.83000183105469,96375900
2025-10-08,38.869998931884766,42.939998626708984,38.68000030517578,42.779998779296875,77149800
2025-10-09,42.58000183105469,42.84000015258789,41.0099983215332,42.2400016784668,63095700
2025-10-10,42.52000045776367,42.84000015258789,34.16999816894531,34.209999084472656,204858900
2025-10-13,38.22999954223633,39.470001220703125,37.369998931884766,39.13999938964844,89274100
2025-10-14,36.619998931884766,39.0099983215332,35.95000076293945,36.630001068115234,100358200
2025-10-15,39.54999923706055,40.16999816894531,37.709999084472656,39.97999954223633,96059800
2025-10-16,41.45000076293945,41.93000030517578,39.279998779296875,40.56999969482422,89397000
2025-10-17,39.61000061035156,40.79999923706055,38.31999969482422,40.290000915527344,92083400
2025-10-20,41.15999984741211,43.040000915527344,41.130001068115234,42.2400016784668,62424500
2025-10-21,41.810001373291016,42.029998779296875,40.52000045776367,41.5099983215332,54386700
2025-10-22,40.08000183105469,40.810001373291016,35.970001220703125,38.38999938964844,110646700
2025-10-23,37.72999954223633,41.470001220703125,37.54999923706055,41.16999816894531,72467000
2025-10-24,43.43000030517578,44.15999984741211,42.959999084472656,43.13999938964844,69872500
2025-10-27,45.4900016784668,47.15999984741211,45.13999938964844,46.84000015258789,72684100
2025-10-28,46.439998626708984,47.61000061035156,45.939998626708984,46.959999084472656,53995000
2025-10-29,49.369998931884766,50.7599983215332,48.04999923706055,49.380001068115234,88268800
2025-10-30,48.5,49.970001220703125,47.27000045776367,47.38999938964844,76956300
2025-10-31,48.77000045776367,49.9900016784668,46.709999084472656,47.779998779296875,75650400
2025-11-03,49.5,50.189998626708984,48.029998779296875,48.58000183105469,52610600
2025-11-04,44.77000045776367,46.880001068115234,42.529998779296875,42.79999923706055,87734300
2025-11-05,43.220001220703125,48.43000030517578,43.209999084472656,46.83000183105469,76488900
2025-11-06,46.459999084472656,46.9900016784668,42.150001525878906,43.0099983215332,106419600
2025-11-07,41.099998474121094,41.7400016784668,37.040000915527344,41.7400016784668,143013500
2025-11-10,45.060001373291016,45.52000045776367,43.459999084472656,44.959999084472656,74223300
2025-11-11,43.720001220703125,44.040000915527344,41.650001525878906,41.810001373291016,80862700
2025-11-12,44.0099983215332,44.630001068115234,42.849998474121094,43.709999084472656,77730900
2025-11-13,42.16999816894531,42.63999938964844,38.0,39.220001220703125,126123700
2025-11-14,35.7400016784668,40.599998474121094,35.150001525878906,38.86000061035156,125398600
2025-11-17,37.900001525878906,40.08000183105469,35.529998779296875,36.84000015258789,101936600
2025-11-18,35.310001373291016,36.0099983215332,33.150001525878906,34.349998474121094,153515800
2025-11-19,34.720001220703125,37.29999923706055,34.20000076293945,35.959999084472656,120458900
2025-11-20,38.790000915527344,39.189998626708984,30.40999984741211,30.809999465942383,228883600
2025-11-21,30.850000381469727,33.040000915527344,28.1200008392334,31.729999542236328,205537900
2025-11-24,32.689998626708984,36.310001373291016,32.650001525878906,35.86000061035156,108832500
2025-11-25,34.34000015258789,36.45000076293945,32.04999923706055,36.16999816894531,108634700
2025-11-26,37.439998626708984,40.150001525878906,37.29999923706055,39.189998626708984,104203900
2025-11-28,39.650001525878906,41.33000183105469,39.25,41.2599983215332,57190400
2025-12-01,39.58000183105469,42.36000061035156,39.459999084472656,41.310001373291016,79426200
2025-12-02,42.790000915527344,44.61000061035156,42.029998779296875,43.79999923706055,111736200
2025-12-03,44.45000076293945,46.68000030517578,43.150001525878906,46.58000183105469,94299300
2025-12-04,45.88999938964844,46.099998474121094,44.439998626708984,45.15999984741211,77656900
2025-12-05,46.470001220703125,48.04999923706055,46.29999923706055,46.5,77049800
2025-12-08,47.560001373291016,48.599998474121094,46.70000076293945,47.9900016784668,69225000
2025-12-09,47.040000915527344,48.04999923706055,46.470001220703125,47.790000915527344,56373300
2025-12-10,47.650001525878906,50.09000015258789,47.0099983215332,49.650001525878906,91153100
2025-12-11,48.0099983215332,48.900001525878906,44.65999984741211,48.790000915527344,88063000
2025-12-12,46.91999816894531,47.380001068115234,41.060001373291016,41.709999084472656,138088200
2025-12-15,43.11000061035156,43.41999816894531,40.79999923706055,41.18000030517578,78218600
2025-12-16,40.75,41.65999984741211,39.2400016784668,40.4900016784668,94566700
2025-12-17,41.0,41.31999969482422,35.70000076293945,36.0099983215332,126113900
2025-12-18,39.970001220703125,40.41999816894531,38.11000061035156,38.58000183105469,97164000
2025-12-19,39.599998474121094,42.36000061035156,39.5,41.720001220703125,92529100
2025-12-22,44.45000076293945,44.560001373291016,42.72999954223633,43.2599983215332,62717400
2025-12-23,42.619998931884766,43.79999923706055,42.220001220703125,43.70000076293945,44455700
2025-12-24,43.720001220703125,44.36000061035156,43.59000015258789,44.209999084472656,30717800
2025-12-26,44.75,44.790000915527344,43.810001373291016,44.209999084472656,38006400
2025-12-29,42.97999954223633,44.33000183105469,42.349998474121094,43.81999969482422,54612100
2025-12-30,44.150001525878906,44.75,43.56999969482422,43.66999816894531,40697400
2025-12-31,43.88999938964844,44.150001525878906,42.0099983215332,42.029998779296875,44754800
2026-01-02,45.130001068115234,48.09000015258789,45.08000183105469,47.2400016784668,132719700
2026-01-05,50.349998474121094,51.220001220703125,48.630001068115234,49.220001220703125,94987500
2026-01-06,51.11000061035156,54.29999923706055,51.06999969482422,54.0099983215332,92678600
2026-01-07,52.20000076293945,52.7400016784668,50.84000015258789,52.290000915527344,65698500
2026-01-08,51.79999923706055,51.810001373291016,48.130001068115234,49.650001525878906,79844800
2026-01-09,51.09000015258789,54.7599983215332,50.310001373291016,53.95000076293945,87214400
2026-01-12,52.38999938964844,55.150001525878906,52.349998474121094,54.650001525878906,53193700
2026-01-13,55.689998626708984,57.630001068115234,55.43000030517578,56.06999969482422,61895400
2026-01-14,54.88999938964844,55.439998626708984,53.0,55.380001068115234,70434900
2026-01-15,60.959999084472656,61.66999816894531,58.0099983215332,58.08000183105469,89664300
2026-01-16,61.189998626708984,62.189998626708984,59.5,60.75,58559500
2026-01-20,57.34000015258789,61.04999923706055,57.220001220703125,57.939998626708984,71408300
2026-01-21,60.2400016784668,65.11000061035156,59.459999084472656,63.47999954223633,103027300
2026-01-22,66.9000015258789,66.95999908447266,63.040000915527344,63.720001220703125,62594200
2026-01-23,62.47999954223633,63.36000061035156,60.150001525878906,61.599998474121094,58613600
2026-01-26,60.75,61.959999084472656,59.599998474121094,60.70000076293945,42592400
2026-01-27,63.310001373291016,65.98999786376953,62.540000915527344,64.95999908447266,61155400
2026-01-28,69.0,70.93000030517578,67.9800033569336,70.08999633789062,74205500
2026-01-29,70.4000015258789,71.9800033569336,62.650001525878906,70.47000122070312,78058200
2026-01-30,67.12000274658203,69.86000061035156,60.290000915527344,61.790000915527344,83504200
2026-02-02,59.459999084472656,66.94000244140625,59.099998474121094,65.19999694824219,66961000
2026-02-03,66.80999755859375,67.62000274658203,57.02000045776367,61.20000076293945,101338500
2026-02-04,59.439998626708984,61.029998779296875,49.33000183105469,53.189998626708984,139149400
2026-02-05,51.310001373291016,55.4900016784668,50.0099983215332,53.25,109350300
2026-02-06,56.400001525878906,62.25,55.66999816894531,61.75,108594200
2026-02-09,59.9900016784668,65.05000305175781,59.290000915527344,64.02999877929688,66670500
2026-02-10,64.66999816894531,65.20999908447266,61.41999816894531,63.34000015258789,58273900
2026-02-11,67.20999908447266,69.0999984741211,63.22999954223633,68.05000305175781,89724200
2026-02-12,69.66999816894531,70.86000061035156,62.77000045776367,63.099998474121094,90896100
2026-02-13,63.93000030517578,66.25,61.43000030517578,64.58999633789062,79931300
2026-02-17,62.02000045776367,65.95999908447266,59.560001373291016,64.3499984741211,79420400
2026-02-18,65.26000213623047,68.44999694824219,64.06999969482422,66.29000091552734,69349000
2026-02-19,64.33000183105469,65.51000213623047,62.959999084472656,65.2300033569336,68827500
2026-02-20,63.7599983215332,68.22000122070312,63.58000183105469,67.11000061035156,81017900
2026-02-23,65.8499984741211,67.6500015258789,63.470001220703125,65.86000061035156,66926300
2026-02-24,68.11000061035156,70.0,66.3499984741211,68.52999877929688,66892100
2026-02-25,70.88999938964844,72.36000061035156,70.4800033569336,71.86000061035156,52929300
2026-02-26,71.02999877929688,71.11000061035156,61.630001068115234,65.33999633789062,97787900
2026-02-27,61.5099983215332,63.7599983215332,60.65999984741211,62.77000045776367,70112700
2026-03-02,58.11000061035156,62.81999969482422,58.04999923706055,62.7599983215332,81699800
2026-03-03,55.119998931884766,55.86000061035156,51.36000061035156,53.41999816894531,131198300
2026-03-04,55.959999084472656,57.720001220703125,54.380001068115234,56.619998931884766,78143300
2026-03-05,55.31999969482422,57.689998626708984,51.130001068115234,54.79999923706055,110055800
2026-03-06,50.09000015258789,53.36000061035156,46.79999923706055,47.88999938964844,125241500
2026-03-09,45.5099983215332,53.779998779296875,44.529998779296875,53.31999969482422,114897700
2026-03-10,53.36000061035156,57.779998779296875,53.36000061035156,54.59000015258789,104717600
2026-03-11,55.5,57.7400016784668,55.349998474121094,56.09000015258789,83007700
2026-03-12,53.529998779296875,53.880001068115234,49.529998779296875,50.279998779296875,105674400
2026-03-13,51.880001068115234,53.959999084472656,50.040000915527344,50.720001220703125,83244300
2026-03-16,54.060001373291016,55.68000030517578,53.0099983215332,53.689998626708984,79819200
2026-03-17,55.099998474121094,55.400001525878906,53.29999923706055,54.95000076293945,59567700
2026-03-18,55.029998779296875,56.47999954223633,54.0,54.02000045776367,75470000
2026-03-19,49.529998779296875,56.11000061035156,48.5,54.849998474121094,93732700
2026-03-20,54.689998626708984,55.36000061035156,49.0,51.13999938964844,101773000
2026-03-23,54.630001068115234,56.810001373291016,52.279998779296875,53.029998779296875,115257400
2026-03-24,51.540000915527344,56.09000015258789,51.540000915527344,54.959999084472656,92153500
2026-03-25,56.63999938964844,58.25,55.59000015258789,57.040000915527344,84440300
2026-03-26,54.189998626708984,54.439998626708984,48.869998931884766,48.970001220703125,116603800
2026-03-27,48.040000915527344,49.380001068115234,45.959999084472656,46.61000061035156,99401400
2026-03-30,47.86000061035156,48.290000915527344,39.52000045776367,40.619998931884766,139746200
2026-03-31,42.880001068115234,48.18000030517578,42.61000061035156,47.90999984741211,138002100
2026-04-01,50.040000915527344,54.09000015258789,49.619998931884766,52.2599983215332,121955600
2026-04-02,46.060001373291016,53.06999969482422,46.04999923706055,52.75,104471700
2026-04-06,53.75,55.599998474121094,52.880001068115234,54.810001373291016,68780400
2026-04-07,54.31999969482422,56.599998474121094,52.130001068115234,56.54999923706055,107326500
2026-04-08,66.33000183105469,67.9800033569336,63.560001373291016,67.5,111697300
2026-04-09,68.12000274658203,72.27999877929688,68.12000274658203,71.9800033569336,79331600
2026-04-10,74.30000305175781,78.30000305175781,74.30000305175781,76.38999938964844,78863600
2026-04-13,75.58999633789062,80.73999786376953,75.25,80.55999755859375,64504600
2026-04-14,83.2699966430664,85.56999969482422,80.70999908447266,85.30999755859375,61657000
2026-04-15,84.66000366210938,85.9800033569336,79.76000213623047,85.95999908447266,68425400
2026-04-16,85.01000213623047,89.38999938964844,83.30999755859375,88.37000274658203,63777500
2026-04-17,93.19999694824219,94.75,90.66000366210938,94.68000030517578,67081400
2026-04-20,95.97000122070312,96.93000030517578,92.02999877929688,95.94000244140625,49367800
2026-04-21,97.97000122070312,99.94999694824219,95.31999969482422,98.08999633789062,65206900
2026-04-22,102.94000244140625,106.08999633789062,99.5999984741211,105.63999938964844,58165200
2026-04-23,108.62000274658203,116.7699966430664,107.45999908447266,112.7699966430664,96510200
2026-04-24,125.20999908447266,130.1199951171875,120.23999786376953,128.32000732421875,83092400
2026-04-27,128.3300018310547,129.58999633789062,117.79000091552734,123.38999938964844,73334600
2026-04-28,108.75,115.62000274658203,103.98999786376953,109.55999755859375,94099700
2026-04-29,114.76000213623047,118.31999969482422,112.30000305175781,117.97000122070312,55503700
2026-04-30,122.80999755859375,127.44999694824219,117.5,126.9800033569336,58536700
2026-05-01,124.38999938964844,131.3800048828125,121.66000366210938,130.39999389648438,40940300
2026-05-04,132.1999969482422,133.6699981689453,123.80000305175781,127.55000305175781,46455700
2026-05-05,135.0,147.25999450683594,134.02000427246094,144.16000366210938,52130100
2026-05-06,157.83999633789062,166.0,149.05999755859375,165.85000610351562,65579200
2026-05-07,162.1199951171875,162.89999389648438,147.61000061035156,152.10000610351562,72375200
2026-05-08,163.0,177.5,161.50999450683594,176.94000244140625,46565700
2026-05-11,181.0,189.3800048828125,180.9600067138672,185.3300018310547,15191543
