date,side,order_type,label,price,shares,realized_profit,avg_cost_after,cash_after,unit_amount_after
2021-05-11,BUY,LOC,avg_loc_buy,32.11,7784,0.0,32.11,9750018.27,500000.0
2021-05-11,BUY,LOC,star_loc_buy,32.11,7784,0.0,32.11,9500036.54,500000.0
2021-05-12,BUY,LOC,avg_loc_buy,28.13,8885,0.0,30.6639,9250064.0,500000.0
2021-05-12,BUY,LOC,star_loc_buy,28.13,8885,0.0,29.9886,9000091.46,500000.0
2021-05-13,BUY,LOC,avg_loc_buy,29.33,8522,0.0,29.8545,8750103.7,500000.0
2021-05-13,BUY,LOC,star_loc_buy,29.33,8522,0.0,29.7658,8500115.95,500000.0
2021-05-14,BUY,LOC,star_loc_buy,31.93,7828,0.0,30.0568,8250130.42,500000.0
2021-05-17,BUY,LOC,star_loc_buy,31.1,8037,0.0,30.1834,8000142.23,500000.0
2021-05-18,BUY,LOC,star_loc_buy,30.29,8252,0.0,30.1952,7750151.65,500000.0
2021-05-19,BUY,LOC,star_loc_buy,32.05,7799,0.0,30.371,7500156.21,500000.0
2021-05-20,SELL,LOC,quarter_loc_sell,34.64,20574,86441.6,30.371,8211449.84,502161.04
2021-05-21,BUY,LOC,star_loc_buy,34.14,7353,0.0,30.7722,7960380.76,502161.04
2021-05-24,SELL,LOC,quarter_loc_sell,36.53,17269,98202.07,30.7722,8589987.2,504616.09
2021-05-24,SELL,LIMIT,target_sell,36.93,51808,315294.68,0.0,10499525.77,512498.46
2021-05-25,BUY,LOC,avg_loc_buy,36.94,6935,0.0,36.94,10243308.44,512498.46
2021-05-25,BUY,LOC,star_loc_buy,36.94,6935,0.0,36.94,9987091.11,512498.46
2021-05-26,BUY,LOC,star_loc_buy,37.18,6891,0.0,37.0197,9730845.3,512498.46
2021-05-27,BUY,LOC,star_loc_buy,37.86,6767,0.0,37.2262,9474608.25,512498.46
2021-05-28,BUY,LOC,star_loc_buy,38.78,6606,0.0,37.5269,9218389.14,512498.46
2021-06-01,BUY,LOC,star_loc_buy,38.34,6682,0.0,37.66,8962162.84,512498.46
2021-06-02,BUY,LOC,star_loc_buy,39.19,6537,0.0,37.8713,8705939.38,512498.46
2021-06-03,BUY,LOC,avg_loc_buy,37.12,6902,0.0,37.7757,8449698.71,512498.46
2021-06-03,BUY,LOC,star_loc_buy,37.12,6902,0.0,37.7017,8193458.04,512498.46
2021-06-04,BUY,LOC,star_loc_buy,39.74,6447,0.0,37.8961,7937215.83,512498.46
2021-06-07,BUY,LOC,star_loc_buy,38.91,6584,0.0,37.9861,7680993.96,512498.46
2021-06-08,BUY,LOC,star_loc_buy,38.17,6712,0.0,38.0013,7424758.49,512498.46
2021-06-09,BUY,LOC,avg_loc_buy,37.7,6796,0.0,37.978,7168510.86,512498.46
2021-06-09,BUY,LOC,star_loc_buy,37.7,6796,0.0,37.958,6912263.23,512498.46
2021-06-10,BUY,LOC,star_loc_buy,39.04,6562,0.0,38.0282,6656044.32,512498.46
2021-06-11,BUY,LOC,star_loc_buy,39.49,6487,0.0,38.1164,6399834.26,512498.46
2021-06-14,SELL,LOC,quarter_loc_sell,41.17,26885,79937.45,38.1164,7504531.35,514496.89
2021-06-15,BUY,LOC,star_loc_buy,40.04,6423,0.0,38.2583,7247315.85,514496.89
2021-06-16,BUY,LOC,star_loc_buy,39.18,6564,0.0,38.3229,6990099.75,514496.89
2021-06-17,BUY,LOC,star_loc_buy,40.31,6380,0.0,38.4496,6732883.38,514496.89
2021-06-18,BUY,LOC,avg_loc_buy,37.32,6892,0.0,38.3768,6475635.35,514496.89
2021-06-18,BUY,LOC,star_loc_buy,37.32,6892,0.0,38.3128,6218387.33,514496.89
2021-06-21,BUY,LOC,avg_loc_buy,38.12,6747,0.0,38.302,5961153.11,514496.89
2021-06-21,BUY,LOC,star_loc_buy,38.12,6747,0.0,38.2924,5703918.89,514496.89
2021-06-22,BUY,LOC,star_loc_buy,38.6,6663,0.0,38.3077,5446688.52,514496.89
2021-06-23,SELL,LOC,quarter_loc_sell,39.05,33491,22310.49,38.3077,6751961.81,515054.66
2021-06-24,SELL,LOC,quarter_loc_sell,41.08,25118,67622.81,38.3077,7781797.15,516745.23
2021-06-25,BUY,LOC,star_loc_buy,40.66,6353,0.0,38.4906,7523445.42,516745.23
2021-06-28,SELL,LOC,quarter_loc_sell,43.65,20427,103652.64,38.4906,8413345.28,519336.54
2021-06-29,SELL,LOC,quarter_loc_sell,44.64,15320,92875.44,38.4906,9095896.5,521658.43
2021-06-30,SELL,LOC,quarter_loc_sell,44.54,11490,68509.82,38.4906,9606663.16,523371.17
2021-07-01,BUY,LOC,star_loc_buy,42.57,6146,0.0,39.1079,9344988.69,523371.17
2021-07-02,BUY,LOC,star_loc_buy,43.32,6039,0.0,39.6531,9083339.97,523371.17
2021-07-06,BUY,LOC,star_loc_buy,43.04,6079,0.0,40.0435,8821660.57,523371.17
2021-07-07,BUY,LOC,star_loc_buy,41.24,6344,0.0,40.172,8559994.76,523371.17
2021-07-08,BUY,LOC,avg_loc_buy,39.78,6577,0.0,40.1327,8298322.46,523371.17
2021-07-08,BUY,LOC,star_loc_buy,39.78,6577,0.0,40.1006,8036650.15,523371.17
2021-07-09,BUY,LOC,star_loc_buy,41.77,6263,0.0,40.2338,7775005.4,523371.17
2021-07-12,BUY,LOC,star_loc_buy,43.33,6038,0.0,40.4549,7513339.62,523371.17
2021-07-13,BUY,LOC,star_loc_buy,42.62,6139,0.0,40.6015,7251656.19,523371.17
2021-07-14,BUY,LOC,star_loc_buy,42.16,6206,0.0,40.7014,6989971.98,523371.17
2021-07-15,BUY,LOC,avg_loc_buy,39.42,6637,0.0,40.6192,6728302.2,523371.17
2021-07-15,BUY,LOC,star_loc_buy,39.42,6637,0.0,40.547,6466632.42,523371.17
2021-07-16,BUY,LOC,avg_loc_buy,36.76,7117,0.0,40.3171,6204972.25,523371.17
2021-07-16,BUY,LOC,star_loc_buy,36.76,7117,0.0,40.1136,5943312.09,523371.17
2021-07-19,BUY,LOC,avg_loc_buy,36.84,7102,0.0,39.9368,5681635.16,523371.17
2021-07-19,BUY,LOC,star_loc_buy,36.84,7102,0.0,39.7781,5419958.24,523371.17
2021-07-20,BUY,LOC,star_loc_buy,38.34,13648,0.0,39.6492,4896615.43,523371.17
2021-07-21,SELL,LOC,quarter_loc_sell,41.85,38059,80655.4,39.6492,6486278.68,525387.56
2021-07-22,SELL,LOC,quarter_loc_sell,40.74,28545,28869.98,39.6492,7646934.28,526109.31
2021-07-22,BUY,LOC,star_loc_buy,40.74,6447,0.0,39.7255,7384244.1,526109.31
2021-07-23,BUY,LOC,star_loc_buy,41.55,6330,0.0,39.8429,7121193.15,526109.31
2021-07-26,BUY,LOC,star_loc_buy,41.45,6345,0.0,39.9402,6858153.45,526109.31
2021-07-27,BUY,LOC,avg_loc_buy,39.15,6718,0.0,39.8926,6595104.3,526109.31
2021-07-27,BUY,LOC,star_loc_buy,39.15,6718,0.0,39.8504,6332055.15,526109.31
2021-07-28,SELL,LOC,quarter_loc_sell,41.18,29548,36914.17,39.8504,7546469.05,527032.16
2021-07-29,SELL,LOC,quarter_loc_sell,43.45,22161,77893.0,39.8504,8507486.86,528979.49
2021-07-30,SELL,LOC,quarter_loc_sell,44.39,16621,74013.9,39.8504,9243854.32,530829.84
2021-08-02,SELL,LOC,quarter_loc_sell,45.21,12465,65708.46,39.8504,9806298.06,532472.55
2021-08-03,SELL,LOC,quarter_loc_sell,45.97,9349,56374.04,39.8504,10235233.54,533881.9
2021-08-04,SELL,LOC,quarter_loc_sell,47.61,7012,53759.3,39.8504,10568423.87,535225.88
2021-08-04,SELL,LIMIT,target_sell,47.82,21037,165694.71,0.0,11572451.53,539368.25
2021-08-05,BUY,LOC,avg_loc_buy,47.17,5716,0.0,47.17,11302787.36,539368.25
2021-08-05,BUY,LOC,star_loc_buy,47.17,5716,0.0,47.17,11033123.2,539368.25
2021-08-06,BUY,LOC,avg_loc_buy,46.63,5782,0.0,46.9886,10763468.1,539368.25
2021-08-06,BUY,LOC,star_loc_buy,46.63,5782,0.0,46.8985,10493813.0,539368.25
2021-08-09,BUY,LOC,avg_loc_buy,46.15,5842,0.0,46.7468,10224164.25,539368.25
2021-08-09,BUY,LOC,star_loc_buy,46.15,5842,0.0,46.6463,9954515.51,539368.25
2021-08-10,BUY,LOC,avg_loc_buy,44.45,6066,0.0,46.3193,9684841.37,539368.25
2021-08-10,BUY,LOC,star_loc_buy,44.45,6066,0.0,46.0771,9415167.22,539368.25
2021-08-11,BUY,LOC,avg_loc_buy,44.17,6104,0.0,45.8571,9145513.1,539368.25
2021-08-11,BUY,LOC,star_loc_buy,44.17,6104,0.0,45.6826,8875858.98,539368.25
2021-08-12,BUY,LOC,avg_loc_buy,42.62,6326,0.0,45.3861,8606204.42,539368.25
2021-08-12,BUY,LOC,star_loc_buy,42.62,6326,0.0,45.142,8336549.85,539368.25
2021-08-13,BUY,LOC,avg_loc_buy,43.48,6201,0.0,45.0096,8066889.93,539368.25
2021-08-13,BUY,LOC,star_loc_buy,43.48,6201,0.0,44.8968,7797230.01,539368.25
2021-08-16,BUY,LOC,avg_loc_buy,43.01,6269,0.0,44.7659,7527559.87,539368.25
2021-08-16,BUY,LOC,star_loc_buy,43.01,6269,0.0,44.652,7257889.74,539368.25
2021-08-17,BUY,LOC,avg_loc_buy,40.46,6664,0.0,44.3815,6988223.86,539368.25
2021-08-17,BUY,LOC,star_loc_buy,40.46,6664,0.0,44.1438,6718557.97,539368.25
2021-08-18,BUY,LOC,avg_loc_buy,38.66,6974,0.0,43.8167,6448902.69,539368.25
2021-08-18,BUY,LOC,star_loc_buy,38.66,6974,0.0,43.5264,6179247.41,539368.25
2021-08-19,BUY,LOC,star_loc_buy,39.63,13608,0.0,43.1407,5639881.47,539368.25
2021-08-20,BUY,LOC,star_loc_buy,40.43,13338,0.0,42.901,5100545.25,539368.25
2021-08-23,SELL,LOC,quarter_loc_sell,43.69,37708,26537.51,42.901,6744795.21,540031.69
2021-08-24,BUY,LOC,star_loc_buy,43.73,6173,0.0,42.9439,6474809.43,540031.69
2021-08-25,SELL,LOC,quarter_loc_sell,44.78,29824,52154.55,42.9439,7807723.89,541335.55
2021-08-26,BUY,LOC,star_loc_buy,44.68,6057,0.0,43.054,7537056.54,541335.55
2021-08-27,SELL,LOC,quarter_loc_sell,47.3,23883,99204.22,43.054,8664519.59,543815.66
2021-08-30,SELL,LOC,quarter_loc_sell,47.74,17912,82268.04,43.054,9517970.99,545872.36
2021-08-31,BUY,LOC,star_loc_buy,46.55,5862,0.0,43.3979,9245053.96,545872.36
2021-09-01,BUY,LOC,star_loc_buy,45.96,5937,0.0,43.63,8972148.51,545872.36
2021-09-02,BUY,LOC,star_loc_buy,46.3,5894,0.0,43.8503,8699215.37,545872.36
2021-09-03,BUY,LOC,star_loc_buy,47.24,5776,0.0,44.1039,8426316.2,545872.36
2021-09-07,BUY,LOC,star_loc_buy,46.77,5834,0.0,44.2912,8153419.09,545872.36
2021-09-08,BUY,LOC,star_loc_buy,44.95,6071,0.0,44.3361,7880486.71,545872.36
2021-09-09,BUY,LOC,star_loc_buy,45.55,5991,0.0,44.4125,7607555.73,545872.36
2021-09-10,SELL,LOC,quarter_loc_sell,46.59,23775,49609.02,44.4125,8713073.01,547112.58
2021-09-13,BUY,LOC,star_loc_buy,47.87,5713,0.0,44.6689,8439550.67,547112.58
2021-09-14,BUY,LOC,star_loc_buy,47.87,5713,0.0,44.8899,8166028.34,547112.58
2021-09-15,SELL,LOC,quarter_loc_sell,48.59,20688,74586.89,44.8899,9169298.06,548977.25
2021-09-16,BUY,LOC,star_loc_buy,49.07,5592,0.0,45.2354,8894857.46,548977.25
2021-09-17,BUY,LOC,star_loc_buy,46.75,5870,0.0,45.3563,8620393.8,548977.25
2021-09-20,BUY,LOC,avg_loc_buy,43.3,6338,0.0,45.1931,8345917.24,548977.25
2021-09-20,BUY,LOC,star_loc_buy,43.3,6338,0.0,45.054,8071440.67,548977.25
2021-09-21,BUY,LOC,avg_loc_buy,43.6,6294,0.0,44.955,7796981.11,548977.25
2021-09-21,BUY,LOC,star_loc_buy,43.6,6294,0.0,44.8687,7522521.54,548977.25
2021-09-22,BUY,LOC,star_loc_buy,46.26,5932,0.0,44.9475,7248066.06,548977.25
2021-09-23,SELL,LOC,quarter_loc_sell,48.1,26180,80076.84,44.9475,8504868.51,550979.18
2021-09-24,BUY,LOC,star_loc_buy,47.95,5744,0.0,45.1521,8229402.4,550979.18
2021-09-27,BUY,LOC,star_loc_buy,47.69,5775,0.0,45.3149,7953951.33,550979.18
2021-09-28,BUY,LOC,avg_loc_buy,42.23,6522,0.0,45.1065,7678485.96,550979.18
2021-09-28,BUY,LOC,star_loc_buy,42.23,6522,0.0,44.9246,7403020.59,550979.18
2021-09-29,BUY,LOC,avg_loc_buy,40.12,6865,0.0,44.6247,7127555.47,550979.18
2021-09-29,BUY,LOC,star_loc_buy,40.12,6865,0.0,44.36,6852090.36,550979.18
2021-09-30,BUY,LOC,avg_loc_buy,40.04,6879,0.0,44.1198,6576613.88,550979.18
2021-09-30,BUY,LOC,star_loc_buy,40.04,6879,0.0,43.9049,6301137.41,550979.18
2021-10-01,BUY,LOC,star_loc_buy,40.07,13748,0.0,43.5396,5750172.42,550979.18
2021-10-04,BUY,LOC,star_loc_buy,37.02,14881,0.0,42.9303,5199195.16,550979.18
2021-10-05,BUY,LOC,star_loc_buy,38.65,14253,0.0,42.5786,4648234.08,550979.18
2021-10-06,BUY,LOC,star_loc_buy,39.06,14103,0.0,42.3141,4097288.27,550979.18
2021-10-07,SELL,LOC,quarter_loc_sell,40.39,46894,-93920.71,42.3141,5987643.54,550979.18
2021-10-08,BUY,LOC,star_loc_buy,39.33,14007,0.0,42.0439,5436665.59,550979.18
2021-10-11,BUY,LOC,star_loc_buy,38.38,14353,0.0,41.7328,4885714.82,550979.18
2021-10-12,BUY,LOC,star_loc_buy,37.05,14869,0.0,41.3542,4334735.74,550979.18
2021-10-13,BUY,LOC,star_loc_buy,37.65,14632,0.0,41.0812,3783758.3,550979.18
2021-10-14,SELL,LOC,quarter_loc_sell,41.05,49636,-5522.29,41.0812,5817342.87,550979.18
2021-10-15,SELL,LOC,quarter_loc_sell,41.84,37227,25210.26,41.0812,7371883.27,551609.43
2021-10-18,SELL,LOC,quarter_loc_sell,42.86,27920,47330.4,41.0812,8566201.0,552792.69
2021-10-19,SELL,LOC,quarter_loc_sell,44.43,20940,68309.49,41.0812,9494750.99,554500.43
2021-10-20,BUY,LOC,star_loc_buy,44.2,6271,0.0,41.3643,9217531.21,554500.43
2021-10-21,SELL,LOC,quarter_loc_sell,45.59,17273,71455.44,41.3643,10003471.7,556286.81
2021-10-22,BUY,LOC,star_loc_buy,44.05,6313,0.0,41.6559,9725342.34,556286.81
2021-10-25,BUY,LOC,star_loc_buy,45.06,6171,0.0,41.9826,9447235.37,556286.81
2021-10-26,BUY,LOC,star_loc_buy,44.96,6185,0.0,42.2438,9169116.06,556286.81
2021-10-27,BUY,LOC,star_loc_buy,44.09,6307,0.0,42.3955,8890998.72,556286.81
2021-10-28,SELL,LOC,quarter_loc_sell,47.0,19199,86643.0,42.3955,9791592.13,558452.89
2021-10-29,SELL,LOC,quarter_loc_sell,47.65,14399,74322.22,42.3955,10476366.56,560310.95
2021-11-01,SELL,LOC,quarter_loc_sell,49.96,10799,80637.42,42.3955,11014832.54,562326.88
2021-11-02,SELL,LOC,quarter_loc_sell,51.82,8100,75520.29,42.3955,11433756.04,564214.89
2021-11-02,SELL,LIMIT,target_sell,50.87,24300,203520.88,0.0,12667486.57,569302.91
2021-11-03,BUY,LOC,avg_loc_buy,53.67,5302,0.0,53.67,12382885.55,569302.91
2021-11-03,BUY,LOC,star_loc_buy,53.67,5302,0.0,53.67,12098284.52,569302.91
2021-11-04,BUY,LOC,star_loc_buy,59.08,4817,0.0,55.3599,11813653.47,569302.91
2021-11-05,BUY,LOC,star_loc_buy,60.91,4672,0.0,56.6504,11529039.27,569302.91
2021-11-08,BUY,LOC,star_loc_buy,63.54,4479,0.0,57.9062,11244400.92,569302.91
2021-11-09,BUY,LOC,star_loc_buy,63.4,4489,0.0,58.7549,10959755.63,569302.91
2021-11-10,BUY,LOC,avg_loc_buy,57.95,4911,0.0,58.6385,10675120.49,569302.91
2021-11-10,BUY,LOC,star_loc_buy,57.95,4911,0.0,58.5515,10390485.35,569302.91
2021-11-11,BUY,LOC,star_loc_buy,61.64,4617,0.0,58.8793,10105850.78,569302.91
2021-11-12,BUY,LOC,star_loc_buy,63.35,4492,0.0,59.2978,9821239.9,569302.91
2021-11-15,BUY,LOC,star_loc_buy,63.2,4503,0.0,59.6325,9536607.61,569302.91
2021-11-16,SELL,LOC,quarter_loc_sell,66.15,13123,83836.06,59.6325,10403001.29,571398.81
2021-11-17,BUY,LOC,star_loc_buy,64.52,4427,0.0,60.1265,10117328.4,571398.81
2021-11-18,SELL,LOC,quarter_loc_sell,67.98,10949,84536.25,60.1265,10860190.01,573512.22
2021-11-19,SELL,LOC,quarter_loc_sell,68.61,8212,68567.59,60.1265,11422516.65,575226.41
2021-11-22,SELL,LIMIT,target_sell,72.15,18479,219581.88,60.1265,12753176.65,580715.95
2021-11-22,BUY,LOC,star_loc_buy,65.43,4395,0.0,62.3351,12465568.66,580715.95
2021-11-23,BUY,LOC,star_loc_buy,64.74,4484,0.0,63.0522,12175230.96,580715.95
2021-11-24,BUY,LOC,star_loc_buy,66.88,4340,0.0,63.9095,11884928.22,580715.95
2021-11-26,BUY,LOC,avg_loc_buy,61.37,4730,0.0,63.4112,11594604.58,580715.95
2021-11-26,BUY,LOC,star_loc_buy,61.37,4730,0.0,63.0764,11304280.94,580715.95
2021-11-29,BUY,LOC,star_loc_buy,68.41,4243,0.0,63.7605,11013973.77,580715.95
2021-11-30,BUY,LOC,star_loc_buy,64.67,4489,0.0,63.8692,10723626.59,580715.95
2021-12-01,BUY,LOC,avg_loc_buy,63.16,4596,0.0,63.7919,10433299.69,580715.95
2021-12-01,BUY,LOC,star_loc_buy,63.16,4596,0.0,63.7298,10142972.79,580715.95
2021-12-02,BUY,LOC,avg_loc_buy,63.25,4589,0.0,63.6869,9852675.0,580715.95
2021-12-02,BUY,LOC,star_loc_buy,63.25,4589,0.0,63.6511,9562377.21,580715.95
2021-12-03,BUY,LOC,avg_loc_buy,62.93,4613,0.0,63.5961,9272037.58,580715.95
2021-12-03,BUY,LOC,star_loc_buy,62.93,4613,0.0,63.549,8981697.94,580715.95
2021-12-06,BUY,LOC,avg_loc_buy,62.6,4637,0.0,63.4859,8691378.2,580715.95
2021-12-06,BUY,LOC,star_loc_buy,62.6,4637,0.0,63.4307,8401058.46,580715.95
2021-12-07,SELL,LOC,quarter_loc_sell,71.99,18610,156675.23,63.4307,9738179.88,584632.84
2021-12-08,SELL,LOC,quarter_loc_sell,70.69,13957,99393.49,63.4307,10722876.3,587117.67
2021-12-09,BUY,LOC,star_loc_buy,65.9,4453,0.0,63.6681,10429379.58,587117.67
2021-12-10,BUY,LOC,star_loc_buy,67.6,4341,0.0,64.005,10135883.96,587117.67
2021-12-13,BUY,LOC,avg_loc_buy,62.34,4708,0.0,63.8634,9842343.22,587117.67
2021-12-13,BUY,LOC,star_loc_buy,62.34,4708,0.0,63.744,9548802.47,587117.67
2021-12-14,BUY,LOC,avg_loc_buy,61.52,4771,0.0,63.5804,9255246.53,587117.67
2021-12-14,BUY,LOC,star_loc_buy,61.52,4771,0.0,63.4392,8961690.58,587117.67
2021-12-15,SELL,LOC,quarter_loc_sell,68.12,17406,79161.17,63.4392,10145075.19,589096.7
2021-12-16,BUY,LOC,avg_loc_buy,59.23,4972,0.0,63.0733,9850539.46,589096.7
2021-12-16,BUY,LOC,star_loc_buy,59.23,4972,0.0,62.7659,9556003.72,589096.7
2021-12-17,BUY,LOC,avg_loc_buy,58.96,4994,0.0,62.4829,9261513.32,589096.7
2021-12-17,BUY,LOC,star_loc_buy,58.96,4994,0.0,62.239,8967022.91,589096.7
2021-12-20,BUY,LOC,avg_loc_buy,57.55,5117,0.0,61.9285,8672495.39,589096.7
2021-12-20,BUY,LOC,star_loc_buy,57.55,5117,0.0,61.6566,8377967.86,589096.7
2021-12-21,SELL,LOC,quarter_loc_sell,63.5,20596,35417.1,61.6566,9683263.56,589982.13
2021-12-22,BUY,LOC,star_loc_buy,65.38,4511,0.0,61.9099,9388290.15,589982.13
2021-12-23,SELL,LOC,quarter_loc_sell,67.41,16575,88985.31,61.9099,10503432.12,592206.76
2021-12-27,SELL,LOC,quarter_loc_sell,72.99,12431,135967.36,61.9099,11409001.5,595605.95
2021-12-28,SELL,LOC,quarter_loc_sell,70.52,9323,78989.88,61.9099,12065177.42,597580.69
2021-12-29,SELL,LOC,quarter_loc_sell,71.0,6992,62589.91,61.9099,12560641.37,599145.44
2021-12-30,BUY,LOC,star_loc_buy,68.36,4381,0.0,63.0242,12261111.29,599145.44
2021-12-31,BUY,LOC,star_loc_buy,68.01,4404,0.0,63.7619,11961550.32,599145.44
2022-01-03,BUY,LOC,star_loc_buy,72.1,4154,0.0,64.7831,11662002.0,599145.44
2022-01-04,BUY,LOC,star_loc_buy,71.07,4214,0.0,65.4779,11362468.09,599145.44
2022-01-05,BUY,LOC,avg_loc_buy,64.01,4679,0.0,65.3174,11062920.38,599145.44
2022-01-05,BUY,LOC,star_loc_buy,64.01,4679,0.0,65.1886,10763372.66,599145.44
2022-01-06,BUY,LOC,star_loc_buy,65.54,4570,0.0,65.2195,10463809.94,599145.44
2022-01-07,BUY,LOC,avg_loc_buy,59.74,5013,0.0,64.7382,10164288.39,599145.44
2022-01-07,BUY,LOC,star_loc_buy,59.74,5013,0.0,64.3346,9864766.85,599145.44
2022-01-10,BUY,LOC,avg_loc_buy,60.0,4992,0.0,64.012,9565201.93,599145.44
2022-01-10,BUY,LOC,star_loc_buy,60.0,4992,0.0,63.7341,9265637.0,599145.44
2022-01-11,BUY,LOC,avg_loc_buy,63.29,4732,0.0,63.7068,8966103.79,599145.44
2022-01-11,BUY,LOC,star_loc_buy,63.29,4732,0.0,63.6826,8666570.59,599145.44
2022-01-12,BUY,LOC,star_loc_buy,64.58,4638,0.0,63.7309,8367003.62,599145.44
2022-01-13,BUY,LOC,avg_loc_buy,60.2,4975,0.0,63.5381,8067463.7,599145.44
2022-01-13,BUY,LOC,star_loc_buy,60.2,4975,0.0,63.3654,7767923.77,599145.44
2022-01-14,SELL,LOC,quarter_loc_sell,64.48,24030,23762.98,63.3654,9314356.74,599739.52
2022-01-18,BUY,LOC,avg_loc_buy,55.98,5355,0.0,62.8547,9014538.87,599739.52
2022-01-18,BUY,LOC,star_loc_buy,55.98,5355,0.0,62.4101,8714721.01,599739.52
2022-01-19,BUY,LOC,avg_loc_buy,50.82,5899,0.0,61.6393,8414888.86,599739.52
2022-01-19,BUY,LOC,star_loc_buy,50.82,5899,0.0,60.9647,8115056.71,599739.52
2022-01-20,BUY,LOC,avg_loc_buy,45.99,6519,0.0,59.9993,7815202.93,599739.52
2022-01-20,BUY,LOC,star_loc_buy,45.99,6519,0.0,59.1508,7515349.15,599739.52
2022-01-21,BUY,LOC,star_loc_buy,43.71,13718,0.0,57.4054,6915645.43,599739.52
2022-01-24,BUY,LOC,star_loc_buy,45.45,13193,0.0,56.2331,6315933.63,599739.52
2022-01-25,BUY,LOC,star_loc_buy,40.19,14920,0.0,54.6317,5716208.89,599739.52
2022-01-26,BUY,LOC,star_loc_buy,42.12,14236,0.0,53.5437,5116498.62,599739.52
2022-01-27,BUY,LOC,star_loc_buy,36.36,16492,0.0,51.971,4516759.56,599739.52
2022-01-28,BUY,LOC,star_loc_buy,38.41,15611,0.0,50.8898,3917051.1,599739.52
2022-01-31,SELL,LOC,quarter_loc_sell,44.58,48952,-313133.5,50.8898,6095075.82,599739.52
2022-02-01,BUY,LOC,star_loc_buy,45.91,13061,0.0,50.4831,5495355.36,599739.52
2022-02-02,SELL,LOC,quarter_loc_sell,49.34,39979,-49546.31,50.4831,7464072.72,599739.52
2022-02-03,BUY,LOC,star_loc_buy,42.63,14066,0.0,49.6588,6864349.2,599739.52
2022-02-04,BUY,LOC,star_loc_buy,43.46,13797,0.0,49.0801,6264641.64,599739.52
2022-02-07,BUY,LOC,star_loc_buy,43.41,13813,0.0,48.5955,5664929.36,599739.52
2022-02-08,SELL,LOC,quarter_loc_sell,46.6,40403,-84296.08,48.5955,7544037.74,599739.52
2022-02-09,SELL,LOC,quarter_loc_sell,51.02,30302,70452.13,48.5955,9087031.07,601500.82
2022-02-10,BUY,LOC,avg_loc_buy,46.42,6477,0.0,48.4508,8786323.63,601500.82
2022-02-10,BUY,LOC,star_loc_buy,46.42,6477,0.0,48.3242,8485616.19,601500.82
2022-02-11,BUY,LOC,avg_loc_buy,39.54,7605,0.0,47.7249,8184869.38,601500.82
2022-02-11,BUY,LOC,star_loc_buy,39.54,7605,0.0,47.2021,7884122.58,601500.82
2022-02-14,BUY,LOC,avg_loc_buy,39.59,7595,0.0,46.7457,7583391.42,601500.82
2022-02-14,BUY,LOC,star_loc_buy,39.59,7595,0.0,46.3409,7282660.27,601500.82
2022-02-15,BUY,LOC,star_loc_buy,46.01,13071,0.0,46.3116,6681173.35,601500.82
2022-02-16,SELL,LOC,quarter_loc_sell,46.1,36833,-11103.21,46.3116,8375863.55,601500.82
2022-02-17,BUY,LOC,avg_loc_buy,40.87,7357,0.0,45.9719,8075137.86,601500.82
2022-02-17,BUY,LOC,star_loc_buy,40.87,7357,0.0,45.6721,7774412.16,601500.82
2022-02-18,BUY,LOC,avg_loc_buy,39.63,7587,0.0,45.3269,7473694.25,601500.82
2022-02-18,BUY,LOC,star_loc_buy,39.63,7587,0.0,45.0191,7172976.34,601500.82
2022-02-22,BUY,LOC,star_loc_buy,38.61,15576,0.0,44.379,6571496.77,601500.82
2022-02-23,BUY,LOC,star_loc_buy,35.91,16747,0.0,43.5578,5970021.8,601500.82
2022-02-24,BUY,LOC,star_loc_buy,39.94,15057,0.0,43.2677,5368555.01,601500.82
2022-02-25,SELL,LOC,quarter_loc_sell,41.78,46942,-73659.42,43.2677,7325967.36,601500.82
2022-02-28,BUY,LOC,star_loc_buy,41.01,14664,0.0,43.0548,6724506.51,601500.82
2022-03-01,BUY,LOC,star_loc_buy,36.58,16440,0.0,42.4357,6123041.11,601500.82
2022-03-02,BUY,LOC,star_loc_buy,40.12,14990,0.0,42.25,5521552.1,601500.82
2022-03-03,BUY,LOC,star_loc_buy,37.55,16016,0.0,41.879,4920061.09,601500.82
2022-03-04,BUY,LOC,star_loc_buy,34.77,17296,0.0,41.3207,4318588.96,601500.82
2022-03-07,BUY,LOC,star_loc_buy,29.58,20331,0.0,40.3285,3717107.77,601500.82
2022-03-08,BUY,LOC,star_loc_buy,31.16,19300,0.0,39.6475,3115629.56,601500.82
2022-03-09,SELL,LOC,quarter_loc_sell,34.93,64966,-310903.91,39.6475,5380466.88,601500.82
2022-03-10,BUY,LOC,star_loc_buy,32.75,18363,0.0,39.0536,4778988.42,601500.82
2022-03-11,BUY,LOC,star_loc_buy,30.69,19596,0.0,38.3498,4177496.97,601500.82
2022-03-14,BUY,LOC,star_loc_buy,27.91,21548,0.0,37.4655,3576002.08,601500.82
2022-03-15,BUY,LOC,star_loc_buy,31.51,19086,0.0,37.0499,2974512.01,601500.82
2022-03-16,SELL,LOC,quarter_loc_sell,36.3,68372,-56112.76,37.0499,5451575.9,601500.82
2022-03-17,SELL,LOC,quarter_loc_sell,36.95,51279,-8818.21,37.0499,7342640.17,601500.82
2022-03-18,SELL,LOC,quarter_loc_sell,39.17,38460,78600.92,37.0499,8846180.74,603465.84
2022-03-21,BUY,LOC,star_loc_buy,39.0,7735,0.0,37.1724,8544470.49,603465.84
2022-03-22,SELL,LOC,quarter_loc_sell,39.59,30778,72031.84,37.1724,9760595.43,605266.64
2022-03-23,BUY,LOC,avg_loc_buy,36.69,8247,0.0,37.1329,9457967.61,605266.64
2022-03-23,BUY,LOC,star_loc_buy,36.69,8247,0.0,37.0993,9155339.8,605266.64
2022-03-24,SELL,LOC,quarter_loc_sell,42.09,27207,133548.5,37.0993,10298249.4,608605.35
2022-03-25,SELL,LOC,quarter_loc_sell,42.01,20406,98535.76,37.0993,11153833.81,611068.74
2022-03-28,SELL,LOC,quarter_loc_sell,42.71,15304,84591.32,37.0993,11806193.06,613183.53
2022-03-29,SELL,LOC,quarter_loc_sell,45.58,11478,96321.11,37.0993,12328340.13,615591.55
2022-03-29,SELL,LIMIT,target_sell,44.52,34436,252549.13,0.0,13858441.32,621905.28
2022-03-30,BUY,LOC,avg_loc_buy,41.35,7518,0.0,41.35,13547525.39,621905.28
2022-03-30,BUY,LOC,star_loc_buy,41.35,7518,0.0,41.35,13236609.46,621905.28
2022-03-31,BUY,LOC,avg_loc_buy,38.78,8017,0.0,40.4562,12925663.56,621905.28
2022-03-31,BUY,LOC,star_loc_buy,38.78,8017,0.0,40.0237,12614717.67,621905.28
2022-04-01,BUY,LOC,avg_loc_buy,36.29,8567,0.0,39.2167,12303774.6,621905.28
2022-04-01,BUY,LOC,star_loc_buy,36.29,8567,0.0,38.6966,11992831.54,621905.28
2022-04-04,BUY,LOC,avg_loc_buy,37.96,8190,0.0,38.5896,11681892.51,621905.28
2022-04-04,BUY,LOC,star_loc_buy,37.96,8190,0.0,38.5098,11370953.47,621905.28
2022-04-05,BUY,LOC,avg_loc_buy,32.88,9455,0.0,37.7908,11060026.44,621905.28
2022-04-05,BUY,LOC,star_loc_buy,32.88,9455,0.0,37.2347,10749099.41,621905.28
2022-04-06,BUY,LOC,avg_loc_buy,30.51,10190,0.0,36.5033,10438155.87,621905.28
2022-04-06,BUY,LOC,star_loc_buy,30.51,10190,0.0,35.9153,10127212.34,621905.28
2022-04-07,BUY,LOC,avg_loc_buy,30.51,10190,0.0,35.4324,9816268.8,621905.28
2022-04-07,BUY,LOC,star_loc_buy,30.51,10190,0.0,35.0288,9505325.27,621905.28
2022-04-08,BUY,LOC,avg_loc_buy,28.29,10989,0.0,34.4812,9194399.83,621905.28
2022-04-08,BUY,LOC,star_loc_buy,28.29,10989,0.0,34.016,8883474.39,621905.28
2022-04-11,BUY,LOC,avg_loc_buy,26.49,11736,0.0,33.4568,8572541.11,621905.28
2022-04-11,BUY,LOC,star_loc_buy,26.49,11736,0.0,32.975,8261607.84,621905.28
2022-04-12,BUY,LOC,avg_loc_buy,26.24,11848,0.0,32.5355,7950669.69,621905.28
2022-04-12,BUY,LOC,star_loc_buy,26.24,11848,0.0,32.1498,7639731.53,621905.28
2022-04-13,BUY,LOC,star_loc_buy,28.03,22183,0.0,31.7259,7017848.77,621905.28
2022-04-14,BUY,LOC,star_loc_buy,25.61,24280,0.0,31.1068,6395944.7,621905.28
2022-04-18,BUY,LOC,star_loc_buy,26.98,23047,0.0,30.7451,5774043.37,621905.28
2022-04-19,BUY,LOC,star_loc_buy,28.75,21628,0.0,30.5934,5152145.1,621905.28
2022-04-20,SELL,LOC,quarter_loc_sell,28.5,71134,-152866.59,30.5934,7175510.83,621905.28
2022-04-21,BUY,LOC,star_loc_buy,26.21,23724,0.0,30.1549,6553611.52,621905.28
2022-04-22,BUY,LOC,star_loc_buy,24.45,25431,0.0,29.6023,5931730.3,621905.28
2022-04-25,BUY,LOC,star_loc_buy,25.67,24223,0.0,29.2702,5309832.62,621905.28
2022-04-26,BUY,LOC,star_loc_buy,22.43,27722,0.0,28.6672,4687934.89,621905.28
2022-04-27,BUY,LOC,star_loc_buy,21.95,28328,0.0,28.1122,4066042.02,621905.28
2022-04-28,SELL,LOC,quarter_loc_sell,25.58,85708,-221304.71,28.1122,6254177.46,621905.28
2022-04-29,BUY,LOC,star_loc_buy,22.24,27959,0.0,27.5363,5632276.03,621905.28
2022-05-02,BUY,LOC,star_loc_buy,24.5,25380,0.0,27.2881,5010372.75,621905.28
2022-05-03,BUY,LOC,star_loc_buy,25.11,24763,0.0,27.1272,4388480.55,621905.28
2022-05-04,SELL,LOC,quarter_loc_sell,28.02,83806,70244.22,27.1272,6732145.6,623661.39
2022-05-05,BUY,LOC,star_loc_buy,23.99,25992,0.0,26.8332,6108503.99,623661.39
2022-05-06,BUY,LOC,star_loc_buy,23.35,26705,0.0,26.5274,5484848.7,623661.39
2022-05-09,BUY,LOC,star_loc_buy,19.72,31621,0.0,25.8862,4861189.05,623661.39
2022-05-10,BUY,LOC,star_loc_buy,21.09,29566,0.0,25.498,4237548.58,623661.39
2022-05-11,BUY,LOC,star_loc_buy,19.15,32562,0.0,24.9785,3613892.74,623661.39
2022-05-12,BUY,LOC,star_loc_buy,19.41,32126,0.0,24.5625,2990233.55,623661.39
2022-05-13,SELL,LOC,quarter_loc_sell,22.49,107498,-227501.25,24.5625,5403149.19,623661.39
2022-05-16,BUY,LOC,star_loc_buy,21.37,29179,0.0,24.2976,4779500.42,623661.39
2022-05-17,SELL,LOC,quarter_loc_sell,24.58,87918,20615.04,24.2976,6936310.87,624176.76
2022-05-18,BUY,LOC,star_loc_buy,20.85,29932,0.0,23.9462,6312135.05,624176.76
2022-05-19,BUY,LOC,star_loc_buy,20.51,30428,0.0,23.6236,5687963.16,624176.76
2022-05-20,BUY,LOC,star_loc_buy,20.36,30652,0.0,23.3416,5063794.83,624176.76
2022-05-23,BUY,LOC,star_loc_buy,20.63,30251,0.0,23.1286,4439623.09,624176.76
2022-05-24,BUY,LOC,star_loc_buy,19.1,32674,0.0,22.8135,3815456.08,624176.76
2022-05-25,BUY,LOC,star_loc_buy,20.19,30910,0.0,22.6327,3191289.57,624176.76
2022-05-26,SELL,LOC,quarter_loc_sell,22.54,112150,-15324.55,22.6327,5714221.24,624176.76
2022-05-27,SELL,LOC,quarter_loc_sell,25.26,84113,216847.75,22.6327,7834772.46,629597.96
2022-05-31,SELL,LOC,quarter_loc_sell,24.86,63084,137449.48,22.6327,9399982.58,633034.2
2022-06-01,BUY,LOC,star_loc_buy,23.71,13347,0.0,22.7037,9083477.74,633034.2
2022-06-02,SELL,LOC,quarter_loc_sell,26.2,50650,174501.85,22.7037,10407920.03,637396.74
2022-06-03,BUY,LOC,star_loc_buy,23.93,13315,0.0,22.8025,10089244.29,637396.74
2022-06-06,BUY,LOC,star_loc_buy,23.91,13327,0.0,22.8851,9770547.92,637396.74
2022-06-07,SELL,LOC,quarter_loc_sell,24.6,44648,74424.66,22.8851,10866746.96,639257.36
2022-06-08,BUY,LOC,star_loc_buy,22.91,13949,0.0,22.8875,10547127.43,639257.36
2022-06-09,BUY,LOC,avg_loc_buy,21.09,15153,0.0,22.7204,10227502.73,639257.36
2022-06-09,BUY,LOC,star_loc_buy,21.09,15153,0.0,22.5818,9907878.02,639257.36
2022-06-10,BUY,LOC,avg_loc_buy,18.81,16989,0.0,22.2535,9588267.0,639257.36
2022-06-10,BUY,LOC,star_loc_buy,18.81,16989,0.0,21.9778,9268655.97,639257.36
2022-06-13,BUY,LOC,avg_loc_buy,15.55,20551,0.0,21.4102,8949039.99,639257.36
2022-06-13,BUY,LOC,star_loc_buy,15.55,20551,0.0,20.9347,8629424.0,639257.36
2022-06-14,BUY,LOC,avg_loc_buy,15.76,20277,0.0,20.5511,8309810.55,639257.36
2022-06-14,BUY,LOC,star_loc_buy,15.76,20277,0.0,20.2205,7990197.09,639257.36
2022-06-15,BUY,LOC,avg_loc_buy,16.61,19240,0.0,19.9986,7670572.75,639257.36
2022-06-15,BUY,LOC,star_loc_buy,16.61,19240,0.0,19.8024,7350948.42,639257.36
2022-06-16,BUY,LOC,star_loc_buy,13.57,47101,0.0,19.0287,6711691.97,639257.36
2022-06-17,BUY,LOC,star_loc_buy,13.7,46654,0.0,18.4452,6072436.3,639257.36
2022-06-21,BUY,LOC,star_loc_buy,14.8,43186,0.0,18.1098,5433187.63,639257.36
2022-06-22,BUY,LOC,star_loc_buy,14.29,44727,0.0,17.7774,4793942.92,639257.36
2022-06-23,BUY,LOC,star_loc_buy,14.01,45621,0.0,17.4702,4154696.84,639257.36
2022-06-24,SELL,LOC,quarter_loc_sell,15.81,139901,-236581.35,17.4702,6362218.57,639257.36
2022-06-27,BUY,LOC,star_loc_buy,15.8,40453,0.0,17.3234,5722965.3,639257.36
2022-06-28,BUY,LOC,star_loc_buy,14.56,43898,0.0,17.0827,5083714.55,639257.36
2022-06-29,BUY,LOC,star_loc_buy,13.55,47170,0.0,16.7804,4444465.17,639257.36
2022-06-30,BUY,LOC,star_loc_buy,13.1,48790,0.0,16.4812,3805220.3,639257.36
2022-07-01,BUY,LOC,star_loc_buy,11.6,55100,0.0,16.0706,3165964.43,639257.36
2022-07-05,BUY,LOC,star_loc_buy,11.85,53937,0.0,15.7496,2526715.1,639257.36
2022-07-06,BUY,LOC,star_loc_buy,12.09,52866,0.0,15.4956,1887469.29,639257.36
2022-07-07,SELL,LOC,quarter_loc_sell,13.71,190479,-345218.25,15.4956,4493844.02,639257.36
2022-07-08,BUY,LOC,star_loc_buy,13.91,45949,0.0,15.3776,3854597.56,639257.36
2022-07-11,BUY,LOC,star_loc_buy,12.91,49509,0.0,15.1944,3215340.49,639257.36
2022-07-12,BUY,LOC,star_loc_buy,12.97,49279,0.0,15.0414,2576095.99,639257.36
2022-07-13,SELL,LOC,quarter_loc_sell,13.29,179043,-318210.95,15.0414,4950937.47,639257.36
2022-07-14,BUY,LOC,star_loc_buy,14.07,45427,0.0,14.9656,4311683.71,639257.36
2022-07-15,SELL,LOC,quarter_loc_sell,15.11,145639,16735.26,14.9656,6507997.82,639675.74
2022-07-18,SELL,LOC,quarter_loc_sell,14.92,109230,-8161.7,14.9656,8134531.48,639675.74
2022-07-19,SELL,LOC,quarter_loc_sell,16.95,81922,159856.13,14.9656,9520401.66,643672.14
2022-07-20,SELL,LOC,quarter_loc_sell,18.2,61442,196545.81,14.9656,10636465.48,648585.79
2022-07-20,SELL,LIMIT,target_sell,17.96,184326,545485.46,0.0,13940504.97,662222.92
2022-07-21,BUY,LOC,avg_loc_buy,19.1,17333,0.0,19.1,13609395.01,662222.92
2022-07-21,BUY,LOC,star_loc_buy,19.1,17333,0.0,19.1,13278285.06,662222.92
2022-07-22,BUY,LOC,avg_loc_buy,17.65,18757,0.0,18.5909,12947174.35,662222.92
2022-07-22,BUY,LOC,star_loc_buy,17.65,18757,0.0,18.3464,12616063.64,662222.92
2022-07-25,BUY,LOC,avg_loc_buy,17.3,19136,0.0,18.1271,12284961.18,662222.92
2022-07-25,BUY,LOC,star_loc_buy,17.3,19136,0.0,17.9838,11953858.72,662222.92
2022-07-26,BUY,LOC,avg_loc_buy,16.43,20149,0.0,17.7441,11622760.99,662222.92
2022-07-26,BUY,LOC,star_loc_buy,16.43,20149,0.0,17.5685,11291663.27,662222.92
2022-07-27,BUY,LOC,star_loc_buy,18.73,17675,0.0,17.6903,10960560.86,662222.92
2022-07-28,BUY,LOC,star_loc_buy,19.37,17091,0.0,17.8451,10629458.53,662222.92
2022-07-29,SELL,LOC,quarter_loc_sell,19.83,46379,90264.7,17.8451,11547360.69,664479.54
2022-08-01,BUY,LOC,star_loc_buy,20.01,16601,0.0,18.0759,11215124.86,664479.54
2022-08-02,BUY,LOC,star_loc_buy,19.92,16676,0.0,18.2542,10882889.11,664479.54
2022-08-03,SELL,LOC,quarter_loc_sell,21.55,43103,140246.4,18.2542,11809947.46,667985.7
2022-08-04,SELL,LOC,quarter_loc_sell,22.07,32327,121961.25,18.2542,12522013.11,671034.73
2022-08-04,SELL,LIMIT,target_sell,21.91,96984,350407.88,0.0,14642788.96,679794.93
2022-08-05,BUY,LOC,avg_loc_buy,21.56,15762,0.0,21.56,14302909.26,679794.93
2022-08-05,BUY,LOC,star_loc_buy,21.56,15762,0.0,21.56,13963029.57,679794.93
2022-08-08,BUY,LOC,avg_loc_buy,20.54,16545,0.0,21.2089,13623144.3,679794.93
2022-08-08,BUY,LOC,star_loc_buy,20.54,16545,0.0,21.0376,13283259.02,679794.93
2022-08-09,BUY,LOC,avg_loc_buy,17.69,19211,0.0,20.2704,12943365.45,679794.93
2022-08-09,BUY,LOC,star_loc_buy,17.69,19211,0.0,19.7893,12603471.89,679794.93
2022-08-10,BUY,LOC,star_loc_buy,19.91,17069,0.0,19.8065,12263577.12,679794.93
2022-08-11,BUY,LOC,avg_loc_buy,19.78,17181,0.0,19.8031,11923685.96,679794.93
2022-08-11,BUY,LOC,star_loc_buy,19.78,17181,0.0,19.8006,11583794.81,679794.93
2022-08-12,BUY,LOC,star_loc_buy,21.6,15733,0.0,19.9669,11243911.03,679794.93
2022-08-15,BUY,LOC,star_loc_buy,21.78,15603,0.0,20.1192,10904026.72,679794.93
2022-08-16,BUY,LOC,star_loc_buy,21.14,16075,0.0,20.2005,10564150.24,679794.93
2022-08-17,BUY,LOC,avg_loc_buy,19.55,17383,0.0,20.1489,10224261.62,679794.93
2022-08-17,BUY,LOC,star_loc_buy,19.55,17383,0.0,20.1049,9884372.99,679794.93
2022-08-18,BUY,LOC,star_loc_buy,20.89,16268,0.0,20.1554,9544483.5,679794.93
2022-08-19,BUY,LOC,avg_loc_buy,19.17,17728,0.0,20.0908,9204586.76,679794.93
2022-08-19,BUY,LOC,star_loc_buy,19.17,17728,0.0,20.0342,8864690.02,679794.93
2022-08-22,BUY,LOC,avg_loc_buy,17.04,19944,0.0,19.8405,8524793.29,679794.93
2022-08-22,BUY,LOC,star_loc_buy,17.04,19944,0.0,19.6704,8184896.55,679794.93
2022-08-23,BUY,LOC,avg_loc_buy,17.33,19610,0.0,19.5385,7845004.27,679794.93
2022-08-23,BUY,LOC,star_loc_buy,17.33,19610,0.0,19.4206,7505112.0,679794.93
2022-08-24,BUY,LOC,star_loc_buy,17.41,39040,0.0,19.2275,6825323.65,679794.93
2022-08-25,SELL,LOC,quarter_loc_sell,19.32,101629,5570.29,19.2275,8784967.15,679934.19
2022-08-26,BUY,LOC,avg_loc_buy,15.98,21271,0.0,19.0157,8445005.59,679934.19
2022-08-26,BUY,LOC,star_loc_buy,15.98,21271,0.0,18.8299,8105044.02,679934.19
2022-08-29,BUY,LOC,avg_loc_buy,15.05,22585,0.0,18.5991,7765088.79,679934.19
2022-08-29,BUY,LOC,star_loc_buy,15.05,22585,0.0,18.395,7425133.55,679934.19
2022-08-30,BUY,LOC,star_loc_buy,14.47,46982,0.0,17.9755,6745202.04,679934.19
2022-08-31,BUY,LOC,star_loc_buy,14.04,48421,0.0,17.585,6065269.22,679934.19
2022-09-01,BUY,LOC,star_loc_buy,13.22,51424,0.0,17.1689,5385341.97,679934.19
2022-09-02,BUY,LOC,star_loc_buy,12.86,52864,0.0,16.7843,4705408.95,679934.19
2022-09-06,BUY,LOC,star_loc_buy,12.42,54736,0.0,16.4151,4025485.86,679934.19
2022-09-07,BUY,LOC,star_loc_buy,12.99,52335,0.0,16.1588,3345552.23,679934.19
2022-09-08,BUY,LOC,star_loc_buy,13.65,49804,0.0,15.992,2665625.66,679934.19
2022-09-09,SELL,LOC,quarter_loc_sell,14.65,187291,-256694.13,15.992,5404088.37,679934.19
2022-09-12,BUY,LOC,star_loc_buy,14.78,45996,0.0,15.9003,4724165.52,679934.19
2022-09-13,BUY,LOC,star_loc_buy,12.09,56230,0.0,15.5777,4044242.85,679934.19
2022-09-14,BUY,LOC,star_loc_buy,12.46,54561,0.0,15.341,3364310.81,679934.19
2022-09-15,BUY,LOC,star_loc_buy,11.91,57080,0.0,15.0885,2684386.04,679934.19
2022-09-16,BUY,LOC,star_loc_buy,12.06,56370,0.0,14.8834,2004461.87,679934.19
2022-09-19,BUY,LOC,star_loc_buy,12.26,55451,0.0,14.7195,1324530.63,679934.19
2022-09-20,SELL,MOC,quarter_moc_sell,11.7,221890,-675050.17,14.7195,3915581.21,679934.19
2022-09-20,BUY,LOC,star_loc_buy,11.7,58105,0.0,14.4771,3235650.74,679934.19
2022-09-21,BUY,LOC,star_loc_buy,11.4,59634,0.0,14.2428,2555721.16,679934.19
2022-09-22,BUY,LOC,star_loc_buy,10.51,64684,0.0,13.9581,1875790.35,679934.19
2022-09-23,BUY,LOC,star_loc_buy,10.03,67779,0.0,13.6674,1195865.01,679934.19
2022-09-26,BUY,LOC,star_loc_buy,9.55,71186,0.0,13.3705,515936.73,679934.19
2022-09-27,SELL,MOC,quarter_moc_sell,9.81,246765,-883322.42,13.3705,2931980.89,679934.19
2022-09-27,BUY,LOC,star_loc_buy,9.81,69299,0.0,13.0657,2252055.73,679934.19
2022-09-28,BUY,LOC,star_loc_buy,10.17,66846,0.0,12.8449,1572129.93,679934.19
2022-09-29,BUY,LOC,star_loc_buy,9.29,73178,0.0,12.5709,892204.34,679934.19
2022-09-30,BUY,LOC,star_loc_buy,8.86,76730,0.0,12.2935,212274.57,679934.19
2022-10-03,BUY,LOC,star_loc_buy,9.7,21880,0.0,12.2394,6.73,679934.19
2022-10-04,SELL,LOC,quarter_loc_sell,11.04,262057,-319940.82,12.2394,2887474.45,679934.19
2022-10-05,SELL,LOC,quarter_loc_sell,11.42,196542,-165414.38,12.2394,5127607.29,679934.19
2022-10-06,SELL,LOC,quarter_loc_sell,11.19,147407,-157898.7,12.2394,6773875.13,679934.19
2022-10-07,BUY,LOC,avg_loc_buy,9.21,36907,0.0,12.006,6433910.67,679934.19
2022-10-07,BUY,LOC,star_loc_buy,9.21,36907,0.0,11.806,6093946.22,679934.19
2022-10-10,BUY,LOC,avg_loc_buy,8.28,41052,0.0,11.5462,5753984.67,679934.19
2022-10-10,BUY,LOC,star_loc_buy,8.28,41052,0.0,11.322,5414023.12,679934.19
2022-10-11,BUY,LOC,avg_loc_buy,7.57,44903,0.0,11.06,5074056.43,679934.19
2022-10-11,BUY,LOC,star_loc_buy,7.57,44903,0.0,10.8322,4734089.73,679934.19
2022-10-12,BUY,LOC,star_loc_buy,7.34,92620,0.0,10.4179,4054156.95,679934.19
2022-10-13,BUY,LOC,star_loc_buy,8.0,84979,0.0,10.1805,3374222.98,679934.19
2022-10-14,BUY,LOC,star_loc_buy,6.93,98099,0.0,9.8496,2694294.93,679934.19
2022-10-17,BUY,LOC,star_loc_buy,7.33,92746,0.0,9.6284,2014364.78,679934.19
2022-10-18,BUY,LOC,star_loc_buy,7.4,91869,0.0,9.4501,1334432.21,679934.19
2022-10-19,SELL,LOC,quarter_loc_sell,7.57,287064,-543940.67,9.4501,3503269.19,679934.19
2022-10-20,BUY,LOC,star_loc_buy,7.7,88289,0.0,9.2873,2823341.92,679934.19
2022-10-21,BUY,LOC,star_loc_buy,8.58,79234,0.0,9.2329,2143412.22,679934.19
2022-10-24,SELL,LOC,quarter_loc_sell,8.68,257179,-146538.26,9.2329,4371372.93,679934.19
2022-10-25,SELL,LOC,quarter_loc_sell,9.26,192884,1751.01,9.2329,6153995.86,679977.96
2022-10-26,BUY,LOC,avg_loc_buy,9.01,37728,0.0,9.2192,5814015.6,679977.96
2022-10-26,BUY,LOC,star_loc_buy,9.01,37728,0.0,9.2072,5474035.33,679977.96
2022-10-27,BUY,LOC,avg_loc_buy,8.52,39898,0.0,9.1677,5134053.38,679977.96
2022-10-27,BUY,LOC,star_loc_buy,8.52,39898,0.0,9.1324,4794071.43,679977.96
2022-10-28,SELL,LOC,quarter_loc_sell,9.5,183476,64038.97,9.1324,6533694.53,681578.94
2022-10-31,BUY,LOC,avg_loc_buy,8.92,38199,0.0,9.1187,6192908.34,681578.94
2022-10-31,BUY,LOC,star_loc_buy,8.92,38199,0.0,9.1066,5852122.15,681578.94
2022-11-01,BUY,LOC,avg_loc_buy,9.1,37443,0.0,9.1062,5511339.74,681578.94
2022-11-01,BUY,LOC,star_loc_buy,9.1,37443,0.0,9.1059,5170557.33,681578.94
2022-11-02,BUY,LOC,avg_loc_buy,8.24,41351,0.0,9.0577,4829773.98,681578.94
2022-11-02,BUY,LOC,star_loc_buy,8.24,41351,0.0,9.0146,4488990.63,681578.94
2022-11-03,BUY,LOC,star_loc_buy,7.89,86372,0.0,8.903,3807413.33,681578.94
2022-11-04,SELL,LOC,quarter_loc_sell,8.99,217697,15118.89,8.903,5760693.03,681956.91
2022-11-07,SELL,LOC,quarter_loc_sell,9.59,163273,109111.95,8.903,7323427.81,684684.71
2022-11-08,SELL,LOC,quarter_loc_sell,10.17,122454,152718.29,8.903,8566356.54,688502.67
2022-11-09,BUY,LOC,star_loc_buy,9.24,37251,0.0,8.934,8222105.67,688502.67
2022-11-10,SELL,LOC,quarter_loc_sell,12.08,101154,315843.22,8.934,9441663.21,696398.75
2022-11-10,SELL,LIMIT,target_sell,10.72,303462,535626.11,0.0,12688432.28,709789.4
2022-11-11,BUY,LOC,avg_loc_buy,13.22,26841,0.0,13.22,12333541.03,709789.4
2022-11-11,BUY,LOC,star_loc_buy,13.22,26841,0.0,13.22,11978649.79,709789.4
2022-11-14,BUY,LOC,avg_loc_buy,12.77,27787,0.0,13.0665,11623756.57,709789.4
2022-11-14,BUY,LOC,star_loc_buy,12.77,27787,0.0,12.9911,11268863.36,709789.4
2022-11-15,BUY,LOC,star_loc_buy,13.87,25583,0.0,13.1579,10913973.92,709789.4
2022-11-16,BUY,LOC,avg_loc_buy,12.13,29253,0.0,12.9746,10559081.8,709789.4
2022-11-16,BUY,LOC,star_loc_buy,12.13,29253,0.0,12.8468,10204189.69,709789.4
2022-11-17,BUY,LOC,avg_loc_buy,12.37,28685,0.0,12.7852,9849303.01,709789.4
2022-11-17,BUY,LOC,star_loc_buy,12.37,28685,0.0,12.7377,9494416.34,709789.4
2022-11-18,BUY,LOC,avg_loc_buy,12.49,28410,0.0,12.7125,9139522.21,709789.4
2022-11-18,BUY,LOC,star_loc_buy,12.49,28410,0.0,12.6919,8784628.09,709789.4
2022-11-21,BUY,LOC,avg_loc_buy,11.89,29843,0.0,12.621,8429741.59,709789.4
2022-11-21,BUY,LOC,star_loc_buy,11.89,29843,0.0,12.5616,8074855.1,709789.4
2022-11-22,BUY,LOC,star_loc_buy,12.9,27507,0.0,12.5852,7719961.57,709789.4
2022-11-23,BUY,LOC,star_loc_buy,13.32,26639,0.0,12.6316,7365076.87,709789.4
2022-11-25,BUY,LOC,star_loc_buy,12.86,27592,0.0,12.6457,7010190.52,709789.4
2022-11-28,BUY,LOC,avg_loc_buy,11.84,29969,0.0,12.5953,6655304.34,709789.4
2022-11-28,BUY,LOC,star_loc_buy,11.84,29969,0.0,12.5508,6300418.15,709789.4
2022-11-29,BUY,LOC,avg_loc_buy,11.73,30250,0.0,12.5047,5945532.43,709789.4
2022-11-29,BUY,LOC,star_loc_buy,11.73,30250,0.0,12.4636,5590646.7,709789.4
2022-11-30,SELL,LOC,quarter_loc_sell,13.82,142349,189249.87,12.4636,7554073.72,714520.64
2022-12-01,SELL,LOC,quarter_loc_sell,13.5,106762,107840.51,12.4636,8992550.21,717216.66
2022-12-02,BUY,LOC,star_loc_buy,13.03,27517,0.0,12.5084,8633949.92,717216.66
2022-12-05,BUY,LOC,star_loc_buy,12.59,28479,0.0,12.5146,8275345.52,717216.66
2022-12-06,BUY,LOC,avg_loc_buy,11.72,30593,0.0,12.4548,7916741.78,717216.66
2022-12-06,BUY,LOC,star_loc_buy,11.72,30593,0.0,12.4034,7558138.04,717216.66
2022-12-07,BUY,LOC,avg_loc_buy,11.7,30645,0.0,12.3574,7199537.76,717216.66
2022-12-07,BUY,LOC,star_loc_buy,11.7,30645,0.0,12.317,6840937.47,717216.66
2022-12-08,BUY,LOC,star_loc_buy,12.62,28411,0.0,12.3333,6482336.87,717216.66
2022-12-09,BUY,LOC,avg_loc_buy,12.32,29103,0.0,12.3326,6123734.13,717216.66
2022-12-09,BUY,LOC,star_loc_buy,12.32,29103,0.0,12.332,5765131.39,717216.66
2022-12-12,SELL,LOC,quarter_loc_sell,12.98,146343,91126.62,12.332,7660959.44,719494.82
2022-12-13,SELL,LOC,quarter_loc_sell,13.63,109758,139549.01,12.332,9154043.78,722983.55
2022-12-13,SELL,LIMIT,target_sell,14.8,329274,803146.39,0.0,14017796.13,743062.21
2022-12-14,BUY,LOC,avg_loc_buy,13.0,28575,0.0,13.0,13646265.41,743062.21
2022-12-14,BUY,LOC,star_loc_buy,13.0,28575,0.0,13.0,13274734.69,743062.21
2022-12-15,BUY,LOC,avg_loc_buy,11.4,32585,0.0,12.419,12903209.97,743062.21
2022-12-15,BUY,LOC,star_loc_buy,11.4,32585,0.0,12.1475,12531685.25,743062.21
2022-12-16,BUY,LOC,avg_loc_buy,11.11,33436,0.0,11.9248,12160155.57,743062.21
2022-12-16,BUY,LOC,star_loc_buy,11.11,33436,0.0,11.7808,11788625.88,743062.21
2022-12-19,BUY,LOC,avg_loc_buy,10.69,34749,0.0,11.6116,11417103.35,743062.21
2022-12-19,BUY,LOC,star_loc_buy,10.69,34749,0.0,11.4878,11045580.82,743062.21
2022-12-20,BUY,LOC,avg_loc_buy,10.41,35684,0.0,11.3571,10674054.66,743062.21
2022-12-20,BUY,LOC,star_loc_buy,10.41,35684,0.0,11.2547,10302528.5,743062.21
2022-12-21,BUY,LOC,avg_loc_buy,11.14,33346,0.0,11.2442,9930998.34,743062.21
2022-12-21,BUY,LOC,star_loc_buy,11.14,33346,0.0,11.2354,9559468.18,743062.21
2022-12-22,BUY,LOC,avg_loc_buy,9.78,37983,0.0,11.1083,9187938.72,743062.21
2022-12-22,BUY,LOC,star_loc_buy,9.78,37983,0.0,11.0015,8816409.26,743062.21
2022-12-23,BUY,LOC,avg_loc_buy,9.77,38022,0.0,10.9099,8444878.6,743062.21
2022-12-23,BUY,LOC,star_loc_buy,9.77,38022,0.0,10.8309,8073347.94,743062.21
2022-12-27,BUY,LOC,avg_loc_buy,9.27,40072,0.0,10.7247,7701824.78,743062.21
2022-12-27,BUY,LOC,star_loc_buy,9.27,40072,0.0,10.632,7330301.62,743062.21
2022-12-28,BUY,LOC,avg_loc_buy,8.86,41927,0.0,10.5212,6958772.67,743062.21
2022-12-28,BUY,LOC,star_loc_buy,8.86,41927,0.0,10.4235,6587243.73,743062.21
2022-12-29,BUY,LOC,star_loc_buy,9.67,76830,0.0,10.3502,5844186.19,743062.21
2022-12-30,BUY,LOC,star_loc_buy,9.67,76830,0.0,10.2899,5101128.65,743062.21
2023-01-03,BUY,LOC,star_loc_buy,9.36,79375,0.0,10.2118,4358067.21,743062.21
2023-01-04,SELL,LOC,quarter_loc_sell,10.07,236448,-38179.14,10.2118,6734455.56,743062.21
2023-01-05,BUY,LOC,avg_loc_buy,9.57,38816,0.0,10.1785,6362930.72,743062.21
2023-01-05,BUY,LOC,star_loc_buy,9.57,38816,0.0,10.1485,5991405.88,743062.21
2023-01-06,SELL,LOC,quarter_loc_sell,10.87,196744,137776.8,10.1485,8125842.87,746506.63
2023-01-09,SELL,LOC,quarter_loc_sell,11.53,147558,200530.97,10.1485,9823868.99,751519.9
2023-01-09,SELL,LIMIT,target_sell,12.18,442675,888771.94,0.0,15205136.52,773739.2
2023-01-10,BUY,LOC,avg_loc_buy,11.97,32315,0.0,11.97,14818267.95,773739.2
2023-01-10,BUY,LOC,star_loc_buy,11.97,32315,0.0,11.97,14431399.37,773739.2
2023-01-11,BUY,LOC,star_loc_buy,12.4,31194,0.0,12.11,14044535.75,773739.2
2023-01-12,BUY,LOC,star_loc_buy,12.82,30172,0.0,12.28,13657672.69,773739.2
2023-01-13,BUY,LOC,star_loc_buy,12.95,29869,0.0,12.4084,13270811.12,773739.2
2023-01-17,BUY,LOC,star_loc_buy,13.06,29618,0.0,12.5124,12883942.02,773739.2
2023-01-18,BUY,LOC,star_loc_buy,12.82,30172,0.0,12.5555,12497078.96,773739.2
2023-01-19,BUY,LOC,avg_loc_buy,11.77,32864,0.0,12.4516,12110211.66,773739.2
2023-01-19,BUY,LOC,star_loc_buy,11.77,32864,0.0,12.372,11723344.36,773739.2
2023-01-20,BUY,LOC,star_loc_buy,12.79,30243,0.0,12.4126,11336478.37,773739.2
2023-01-23,SELL,LOC,quarter_loc_sell,14.74,77906,179081.91,12.4126,12482573.55,778216.25
2023-01-23,SELL,LIMIT,target_sell,14.9,233720,574572.6,0.0,15958210.82,792580.56
2023-01-24,BUY,LOC,avg_loc_buy,14.44,27439,0.0,14.44,15561932.23,792580.56
2023-01-24,BUY,LOC,star_loc_buy,14.44,27439,0.0,14.44,15165653.63,792580.56
2023-01-25,BUY,LOC,star_loc_buy,14.53,27269,0.0,14.4699,14769375.63,792580.56
2023-01-26,BUY,LOC,star_loc_buy,15.24,25999,0.0,14.655,14373091.44,792580.56
2023-01-27,BUY,LOC,star_loc_buy,14.98,26450,0.0,14.7189,13976811.0,792580.56
2023-01-30,BUY,LOC,avg_loc_buy,13.8,28712,0.0,14.5573,13580525.97,792580.56
2023-01-30,BUY,LOC,star_loc_buy,13.8,28712,0.0,14.4441,13184240.94,792580.56
2023-01-31,BUY,LOC,star_loc_buy,14.52,27288,0.0,14.4535,12787959.74,792580.56
2023-02-01,SELL,LOC,quarter_loc_sell,16.8,54827,126853.56,14.4535,13707257.21,795751.9
2023-02-02,SELL,LOC,quarter_loc_sell,17.92,41120,141104.19,14.4535,14442690.71,799279.51
2023-02-02,SELL,LIMIT,target_sell,17.34,123361,351906.14,0.0,16577599.25,808077.16
2023-02-03,BUY,LOC,avg_loc_buy,16.93,23861,0.0,16.93,16173571.92,808077.16
2023-02-03,BUY,LOC,star_loc_buy,16.93,23861,0.0,16.93,15769544.6,808077.16
2023-02-06,BUY,LOC,avg_loc_buy,16.1,25091,0.0,16.644,15365518.9,808077.16
2023-02-06,BUY,LOC,star_loc_buy,16.1,25091,0.0,16.5046,14961493.21,808077.16
2023-02-07,BUY,LOC,star_loc_buy,17.59,22966,0.0,16.7108,14557460.67,808077.16
2023-02-08,BUY,LOC,avg_loc_buy,16.49,24498,0.0,16.6736,14153428.06,808077.16
2023-02-08,BUY,LOC,star_loc_buy,16.49,24498,0.0,16.6471,13749395.44,808077.16
2023-02-09,BUY,LOC,avg_loc_buy,16.58,24365,0.0,16.6387,13345363.14,808077.16
2023-02-09,BUY,LOC,star_loc_buy,16.58,24365,0.0,16.6322,12941330.85,808077.16
2023-02-10,BUY,LOC,avg_loc_buy,15.8,25568,0.0,16.545,12537295.85,808077.16
2023-02-10,BUY,LOC,star_loc_buy,15.8,25568,0.0,16.4744,12133260.86,808077.16
2023-02-13,BUY,LOC,avg_loc_buy,16.42,24602,0.0,16.4698,11729235.42,808077.16
2023-02-13,BUY,LOC,star_loc_buy,16.42,24602,0.0,16.466,11325209.99,808077.16
2023-02-14,BUY,LOC,star_loc_buy,17.33,23310,0.0,16.5249,10921187.09,808077.16
2023-02-15,SELL,LOC,quarter_loc_sell,17.54,85561,83930.8,16.5249,12419000.59,810175.43
2023-02-16,BUY,LOC,avg_loc_buy,16.28,24878,0.0,16.5032,12013926.0,810175.43
2023-02-16,BUY,LOC,star_loc_buy,16.28,24878,0.0,16.4851,11608851.41,810175.43
2023-02-17,BUY,LOC,avg_loc_buy,15.5,26130,0.0,16.4077,11203775.65,810175.43
2023-02-17,BUY,LOC,star_loc_buy,15.5,26130,0.0,16.3416,10798699.9,810175.43
2023-02-21,BUY,LOC,avg_loc_buy,14.01,28909,0.0,16.1677,10393624.06,810175.43
2023-02-21,BUY,LOC,star_loc_buy,14.01,28909,0.0,16.0179,9988548.22,810175.43
2023-02-22,BUY,LOC,avg_loc_buy,13.83,29286,0.0,15.8742,9583462.08,810175.43
2023-02-22,BUY,LOC,star_loc_buy,13.83,29286,0.0,15.7482,9178375.95,810175.43
2023-02-23,BUY,LOC,avg_loc_buy,15.08,26858,0.0,15.7124,8773296.56,810175.43
2023-02-23,BUY,LOC,star_loc_buy,15.08,26858,0.0,15.6803,8368217.16,810175.43
2023-02-24,BUY,LOC,star_loc_buy,14.31,56607,0.0,15.5478,7558049.49,810175.43
2023-02-27,BUY,LOC,star_loc_buy,14.5,55865,0.0,15.4565,6747885.48,810175.43
2023-02-28,BUY,LOC,star_loc_buy,14.65,55293,0.0,15.3925,5937721.52,810175.43
2023-03-01,SELL,LOC,quarter_loc_sell,14.68,174143,-129062.81,15.3925,8489155.75,810175.43
2023-03-02,BUY,LOC,avg_loc_buy,15.01,26983,0.0,15.3737,8084080.16,810175.43
2023-03-02,BUY,LOC,star_loc_buy,15.01,26983,0.0,15.3567,7679004.58,810175.43
2023-03-03,SELL,LOC,quarter_loc_sell,15.68,144098,42182.02,15.3567,9934055.28,811229.98
2023-03-06,BUY,LOC,avg_loc_buy,15.17,26733,0.0,15.3458,9528454.84,811229.98
2023-03-06,BUY,LOC,star_loc_buy,15.17,26733,0.0,15.3361,9122854.4,811229.98
2023-03-07,BUY,LOC,avg_loc_buy,14.65,27682,0.0,15.2992,8717252.27,811229.98
2023-03-07,BUY,LOC,star_loc_buy,14.65,27682,0.0,15.2659,8311650.14,811229.98
2023-03-08,SELL,LOC,quarter_loc_sell,15.81,135281,69429.94,15.2659,10446272.1,812965.73
2023-03-09,BUY,LOC,avg_loc_buy,14.91,27258,0.0,15.2435,10039794.36,812965.73
2023-03-09,BUY,LOC,star_loc_buy,14.91,27258,0.0,15.2238,9633316.62,812965.73
2023-03-10,BUY,LOC,avg_loc_buy,14.05,28926,0.0,15.1544,9226845.35,812965.73
2023-03-10,BUY,LOC,star_loc_buy,14.05,28926,0.0,15.0928,8820374.09,812965.73
2023-03-13,BUY,LOC,avg_loc_buy,14.02,28988,0.0,15.0359,8413901.37,812965.73
2023-03-13,BUY,LOC,star_loc_buy,14.02,28988,0.0,14.9848,8007428.65,812965.73
2023-03-14,SELL,LOC,quarter_loc_sell,15.22,144047,29602.77,14.9848,10195548.82,813705.8
2023-03-15,BUY,LOC,avg_loc_buy,14.69,27691,0.0,14.9671,9788707.01,813705.8
2023-03-15,BUY,LOC,star_loc_buy,14.69,27691,0.0,14.9513,9381865.2,813705.8
2023-03-16,SELL,LOC,quarter_loc_sell,16.42,121881,175101.31,14.9513,11379248.72,818083.33
2023-03-17,SELL,LOC,quarter_loc_sell,16.13,91411,104868.85,14.9513,12850832.95,820705.05
2023-03-20,SELL,LOC,quarter_loc_sell,16.61,68558,111495.02,14.9513,13987360.77,823492.43
2023-03-21,BUY,LOC,star_loc_buy,16.67,24696,0.0,15.1356,13575616.7,823492.43
2023-03-22,BUY,LOC,star_loc_buy,16.24,25350,0.0,15.2451,13163870.95,823492.43
2023-03-23,SELL,LOC,quarter_loc_sell,17.49,63930,141339.23,15.2451,14279826.28,827025.91
2023-03-24,BUY,LOC,star_loc_buy,16.57,24951,0.0,15.3976,13866326.2,827025.91
2023-03-27,BUY,LOC,star_loc_buy,15.97,25889,0.0,15.4587,13452816.85,827025.91
2023-03-28,BUY,LOC,star_loc_buy,15.63,26452,0.0,15.4755,13039310.07,827025.91
2023-03-29,SELL,LOC,quarter_loc_sell,17.08,67270,105694.28,15.4755,14186041.18,829668.27
2023-03-30,SELL,LOC,quarter_loc_sell,17.95,50453,123080.01,15.4755,15089906.55,832745.27
2023-03-31,SELL,LOC,quarter_loc_sell,18.3,37840,105528.79,15.4755,15781028.23,835383.49
2023-04-03,BUY,LOC,star_loc_buy,17.81,23449,0.0,15.8752,15363338.89,835383.49
2023-04-04,BUY,LOC,star_loc_buy,16.79,24873,0.0,16.0158,14945658.58,835383.49
2023-04-05,BUY,LOC,avg_loc_buy,15.92,26232,0.0,16.0024,14527982.5,835383.49
2023-04-05,BUY,LOC,star_loc_buy,15.92,26232,0.0,15.9923,14110306.42,835383.49
2023-04-06,BUY,LOC,avg_loc_buy,15.66,26668,0.0,15.9555,13692622.89,835383.49
2023-04-06,BUY,LOC,star_loc_buy,15.66,26668,0.0,15.9261,13274939.37,835383.49
2023-04-10,BUY,LOC,star_loc_buy,16.39,25480,0.0,15.9664,12857259.53,835383.49
2023-04-11,BUY,LOC,star_loc_buy,16.21,25763,0.0,15.9861,12439578.65,835383.49
2023-04-12,BUY,LOC,avg_loc_buy,15.33,27242,0.0,15.9345,12021896.15,835383.49
2023-04-12,BUY,LOC,star_loc_buy,15.33,27242,0.0,15.8904,11604213.65,835383.49
2023-04-13,BUY,LOC,avg_loc_buy,15.67,26651,0.0,15.8757,11186529.83,835383.49
2023-04-13,BUY,LOC,star_loc_buy,15.67,26651,0.0,15.8628,10768846.02,835383.49
2023-04-14,BUY,LOC,avg_loc_buy,15.58,26805,0.0,15.8461,10351161.48,835383.49
2023-04-14,BUY,LOC,star_loc_buy,15.58,26805,0.0,15.8313,9933476.94,835383.49
2023-04-17,BUY,LOC,avg_loc_buy,15.58,26805,0.0,15.818,9515792.39,835383.49
2023-04-17,BUY,LOC,star_loc_buy,15.58,26805,0.0,15.806,9098107.85,835383.49
2023-04-18,SELL,LOC,quarter_loc_sell,15.78,133472,-7581.24,15.806,11200188.94,835383.49
2023-04-19,BUY,LOC,avg_loc_buy,15.26,27367,0.0,15.7711,10782505.88,835383.49
2023-04-19,BUY,LOC,star_loc_buy,15.26,27367,0.0,15.7404,10364822.82,835383.49
2023-04-20,BUY,LOC,avg_loc_buy,15.2,27475,0.0,15.7096,9947140.17,835383.49
2023-04-20,BUY,LOC,star_loc_buy,15.2,27475,0.0,15.6822,9529457.53,835383.49
2023-04-21,BUY,LOC,avg_loc_buy,14.86,28104,0.0,15.6392,9111769.45,835383.49
2023-04-21,BUY,LOC,star_loc_buy,14.86,28104,0.0,15.6006,8694081.36,835383.49
2023-04-24,BUY,LOC,star_loc_buy,14.63,57092,0.0,15.5117,7858700.11,835383.49
2023-04-25,BUY,LOC,star_loc_buy,13.2,63277,0.0,15.2987,7023318.43,835383.49
2023-04-26,BUY,LOC,star_loc_buy,13.37,62472,0.0,15.1378,6187942.5,835383.49
2023-04-27,BUY,LOC,star_loc_buy,13.54,61688,0.0,15.0163,5352561.69,835383.49
2023-04-28,SELL,LOC,quarter_loc_sell,14.23,202710,-165007.76,15.0163,8231500.09,835383.49
2023-05-01,BUY,LOC,star_loc_buy,14.66,56975,0.0,14.9857,7396121.3,835383.49
2023-05-02,BUY,LOC,star_loc_buy,14.35,58206,0.0,14.9346,6560739.91,835383.49
2023-05-03,BUY,LOC,star_loc_buy,13.84,60351,0.0,14.8503,5725356.79,835383.49
2023-05-04,BUY,LOC,star_loc_buy,13.6,61416,0.0,14.7594,4889973.9,835383.49
2023-05-05,SELL,LOC,quarter_loc_sell,14.47,211269,-67107.35,14.7594,7941075.06,835383.49
2023-05-08,SELL,LOC,quarter_loc_sell,14.65,158452,-21864.85,14.7594,10257870.28,835383.49
2023-05-09,BUY,LOC,avg_loc_buy,13.94,29959,0.0,14.7108,9840179.17,835383.49
2023-05-09,BUY,LOC,star_loc_buy,13.94,29959,0.0,14.6677,9422488.07,835383.49
2023-05-10,BUY,LOC,avg_loc_buy,14.31,29184,0.0,14.6492,9004802.39,835383.49
2023-05-10,BUY,LOC,star_loc_buy,14.31,29184,0.0,14.6325,8587116.7,835383.49
2023-05-11,BUY,LOC,star_loc_buy,14.07,59364,0.0,14.5814,7751739.93,835383.49
2023-05-12,BUY,LOC,star_loc_buy,14.02,59576,0.0,14.5345,6916359.13,835383.49
2023-05-15,SELL,LOC,quarter_loc_sell,15.11,178145,97281.66,14.5345,9602881.12,837815.53
2023-05-16,SELL,LOC,quarter_loc_sell,15.05,133609,64960.47,14.5345,11609775.48,839439.54
2023-05-17,SELL,LOC,quarter_loc_sell,16.14,100207,157733.12,14.5345,13223962.65,843382.87
2023-05-18,SELL,LOC,quarter_loc_sell,17.67,75155,233062.37,14.5345,14549361.92,849209.43
2023-05-18,SELL,LIMIT,target_sell,17.44,225467,647437.02,0.0,18473838.72,865395.35
2023-05-19,BUY,LOC,avg_loc_buy,17.39,24878,0.0,17.39,18041145.4,865395.35
2023-05-19,BUY,LOC,star_loc_buy,17.39,24878,0.0,17.39,17608452.09,865395.35
2023-05-22,BUY,LOC,star_loc_buy,17.53,24679,0.0,17.4364,17175764.33,865395.35
2023-05-23,BUY,LOC,avg_loc_buy,16.92,25569,0.0,17.3044,16743071.95,865395.35
2023-05-23,BUY,LOC,star_loc_buy,16.92,25569,0.0,17.2261,16310379.58,865395.35
2023-05-24,BUY,LOC,avg_loc_buy,16.03,26988,0.0,17.0145,15877697.05,865395.35
2023-05-24,BUY,LOC,star_loc_buy,16.03,26988,0.0,16.8665,15445014.51,865395.35
2023-05-25,SELL,LOC,quarter_loc_sell,19.15,44887,100821.59,16.8665,16302924.37,867915.89
2023-05-26,SELL,LOC,quarter_loc_sell,22.88,33665,200941.22,16.8665,17071677.57,872939.42
2023-05-26,SELL,LIMIT,target_sell,20.24,100997,336723.44,0.0,19111870.7,881357.51
2023-05-30,BUY,LOC,avg_loc_buy,22.87,19265,0.0,22.87,18671214.06,881357.51
2023-05-30,BUY,LOC,star_loc_buy,22.87,19265,0.0,22.87,18230557.43,881357.51
2023-05-31,BUY,LOC,avg_loc_buy,21.15,20832,0.0,22.2664,17789894.54,881357.51
2023-05-31,BUY,LOC,star_loc_buy,21.15,20832,0.0,21.9764,17349231.65,881357.51
2023-06-01,BUY,LOC,star_loc_buy,22.16,19883,0.0,22.0129,16908558.28,881357.51
2023-06-02,BUY,LOC,star_loc_buy,22.02,20009,0.0,22.0141,16467894.01,881357.51
2023-06-05,BUY,LOC,avg_loc_buy,20.97,21011,0.0,21.8586,16027227.25,881357.51
2023-06-05,BUY,LOC,star_loc_buy,20.97,21011,0.0,21.7434,15586560.49,881357.51
2023-06-06,BUY,LOC,avg_loc_buy,21.73,20276,0.0,21.7419,15145896.92,881357.51
2023-06-06,BUY,LOC,star_loc_buy,21.73,20276,0.0,21.7407,14705233.35,881357.51
2023-06-07,BUY,LOC,avg_loc_buy,21.64,20361,0.0,21.7315,14264555.21,881357.51
2023-06-07,BUY,LOC,star_loc_buy,21.64,20361,0.0,21.7239,13823877.08,881357.51
2023-06-08,BUY,LOC,star_loc_buy,22.28,19776,0.0,21.7657,13383201.71,881357.51
2023-06-09,BUY,LOC,star_loc_buy,22.4,19670,0.0,21.8098,12942527.62,881357.51
2023-06-12,SELL,LOC,quarter_loc_sell,24.6,70707,193895.93,21.8098,14678528.0,886204.91
2023-06-13,SELL,LOC,quarter_loc_sell,25.56,53030,196230.79,21.8098,16031331.68,891110.68
2023-06-14,SELL,LOC,quarter_loc_sell,26.64,39772,190041.24,21.8098,17088791.69,895861.71
2023-06-14,SELL,LIMIT,target_sell,26.17,119319,514167.49,0.0,20205280.89,908715.89
2023-06-15,BUY,LOC,avg_loc_buy,25.95,17506,0.0,25.95,19750932.05,908715.89
2023-06-15,BUY,LOC,star_loc_buy,25.95,17506,0.0,25.95,19296583.21,908715.89
2023-06-16,BUY,LOC,avg_loc_buy,25.24,17998,0.0,25.7089,18842245.55,908715.89
2023-06-16,BUY,LOC,star_loc_buy,25.24,17998,0.0,25.5901,18387907.89,908715.89
2023-06-20,BUY,LOC,avg_loc_buy,24.65,18429,0.0,25.3964,17933564.89,908715.89
2023-06-20,BUY,LOC,star_loc_buy,24.65,18429,0.0,25.2689,17479221.9,908715.89
2023-06-21,BUY,LOC,avg_loc_buy,22.78,19942,0.0,24.8805,17024875.0,908715.89
2023-06-21,BUY,LOC,star_loc_buy,22.78,19942,0.0,24.597,16570528.1,908715.89
2023-06-22,BUY,LOC,avg_loc_buy,23.1,19666,0.0,24.4212,16116175.36,908715.89
2023-06-22,BUY,LOC,star_loc_buy,23.1,19666,0.0,24.2823,15661822.61,908715.89
2023-06-23,BUY,LOC,avg_loc_buy,21.89,20753,0.0,24.0434,15207471.3,908715.89
2023-06-23,BUY,LOC,star_loc_buy,21.89,20753,0.0,23.8479,14753119.99,908715.89
2023-06-26,BUY,LOC,avg_loc_buy,22.09,20565,0.0,23.7028,14298771.0,908715.89
2023-06-26,BUY,LOC,star_loc_buy,22.09,20565,0.0,23.5798,13844422.0,908715.89
2023-06-27,BUY,LOC,star_loc_buy,24.37,18641,0.0,23.6309,13390072.69,908715.89
2023-06-28,BUY,LOC,star_loc_buy,23.72,19152,0.0,23.6365,12935719.11,908715.89
2023-06-29,BUY,LOC,star_loc_buy,23.81,19079,0.0,23.6466,12481379.98,908715.89
2023-06-30,SELL,LOC,quarter_loc_sell,24.83,81647,92667.98,23.6466,14504721.76,911032.59
2023-07-03,SELL,LOC,quarter_loc_sell,25.49,61235,109836.99,23.6466,16062558.2,913778.52
2023-07-05,BUY,LOC,star_loc_buy,23.85,19153,0.0,23.6658,15605690.63,913778.52
2023-07-06,BUY,LOC,avg_loc_buy,22.98,19879,0.0,23.6046,15148802.68,913778.52
2023-07-06,BUY,LOC,star_loc_buy,22.98,19879,0.0,23.5534,14691914.74,913778.52
2023-07-07,BUY,LOC,avg_loc_buy,22.96,19896,0.0,23.5084,14235034.06,913778.52
2023-07-07,BUY,LOC,star_loc_buy,22.96,19896,0.0,23.4698,13778153.38,913778.52
2023-07-10,BUY,LOC,star_loc_buy,24.32,18783,0.0,23.5228,13321282.3,913778.52
2023-07-11,BUY,LOC,star_loc_buy,24.34,18768,0.0,23.5708,12864400.66,913778.52
2023-07-12,SELL,LOC,quarter_loc_sell,25.69,79990,165510.96,23.5708,14915336.62,917916.29
2023-07-13,SELL,LOC,quarter_loc_sell,27.28,59993,219337.12,23.5708,16548754.27,923399.72
2023-07-14,SELL,LOC,quarter_loc_sell,26.23,44994,117348.52,23.5708,17726645.51,926333.43
2023-07-17,SELL,LOC,quarter_loc_sell,28.06,33746,149647.45,23.5708,18671711.79,930074.62
2023-07-17,SELL,LIMIT,target_sell,28.28,101239,471175.94,0.0,21529167.79,941854.02
2023-07-18,BUY,LOC,avg_loc_buy,28.26,16661,0.0,28.26,21058257.3,941854.02
2023-07-18,BUY,LOC,star_loc_buy,28.26,16661,0.0,28.26,20587346.82,941854.02
2023-07-19,BUY,LOC,avg_loc_buy,27.29,17253,0.0,27.9291,20116441.82,941854.02
2023-07-19,BUY,LOC,star_loc_buy,27.29,17253,0.0,27.7665,19645536.83,941854.02
2023-07-20,BUY,LOC,avg_loc_buy,24.29,19384,0.0,26.9938,19174628.84,941854.02
2023-07-20,BUY,LOC,star_loc_buy,24.29,19384,0.0,26.5021,18703720.85,941854.02
2023-07-21,BUY,LOC,avg_loc_buy,24.92,18894,0.0,26.2639,18232811.75,941854.02
2023-07-21,BUY,LOC,star_loc_buy,24.92,18894,0.0,26.0881,17761902.64,941854.02
2023-07-24,BUY,LOC,avg_loc_buy,24.9,18909,0.0,25.9505,17290997.92,941854.02
2023-07-24,BUY,LOC,star_loc_buy,24.9,18909,0.0,25.8415,16820093.19,941854.02
2023-07-25,BUY,LOC,star_loc_buy,26.13,18019,0.0,25.8674,16349186.1,941854.02
2023-07-26,BUY,LOC,avg_loc_buy,25.06,18789,0.0,25.7982,15878263.13,941854.02
2023-07-26,BUY,LOC,star_loc_buy,25.06,18789,0.0,25.7398,15407340.16,941854.02
2023-07-27,BUY,LOC,star_loc_buy,26.46,17795,0.0,25.79,14936413.83,941854.02
2023-07-28,SELL,LOC,quarter_loc_sell,28.15,63898,147292.78,25.79,16731635.01,945536.34
2023-07-31,SELL,LOC,quarter_loc_sell,28.41,47924,122906.68,25.79,18090500.89,948609.01
2023-08-01,BUY,LOC,star_loc_buy,28.53,16622,0.0,26.0739,17616204.09,948609.01
2023-08-02,BUY,LOC,avg_loc_buy,25.28,18759,0.0,25.9908,17141905.44,948609.01
2023-08-02,BUY,LOC,star_loc_buy,25.28,18759,0.0,25.9234,16667606.78,948609.01
2023-08-03,BUY,LOC,avg_loc_buy,25.15,18856,0.0,25.8562,16193307.25,948609.01
2023-08-03,BUY,LOC,star_loc_buy,25.15,18856,0.0,25.7996,15719007.72,948609.01
2023-08-04,BUY,LOC,avg_loc_buy,24.88,19060,0.0,25.7308,15244723.78,948609.01
2023-08-04,BUY,LOC,star_loc_buy,24.88,19060,0.0,25.6716,14770439.85,948609.01
2023-08-07,BUY,LOC,avg_loc_buy,25.66,18481,0.0,25.6708,14296146.26,948609.01
2023-08-07,BUY,LOC,star_loc_buy,25.66,18481,0.0,25.6702,13821852.66,948609.01
2023-08-08,BUY,LOC,avg_loc_buy,24.46,19388,0.0,25.5991,13347551.05,948609.01
2023-08-08,BUY,LOC,star_loc_buy,24.46,19388,0.0,25.5359,12873249.44,948609.01
2023-08-09,BUY,LOC,avg_loc_buy,23.09,20538,0.0,25.4002,12398955.88,948609.01
2023-08-09,BUY,LOC,star_loc_buy,23.09,20538,0.0,25.2787,11924662.33,948609.01
2023-08-10,BUY,LOC,star_loc_buy,22.81,41581,0.0,25.0411,10976057.45,948609.01
2023-08-11,BUY,LOC,star_loc_buy,21.14,44865,0.0,24.6742,10027469.08,948609.01
2023-08-14,BUY,LOC,star_loc_buy,22.93,41363,0.0,24.535,9078873.22,948609.01
2023-08-15,BUY,LOC,star_loc_buy,21.8,43507,0.0,24.3233,8130278.36,948609.01
2023-08-16,BUY,LOC,star_loc_buy,20.53,46199,0.0,24.0351,7181670.62,948609.01
2023-08-17,BUY,LOC,star_loc_buy,19.91,47637,0.0,23.7354,6233075.68,948609.01
2023-08-18,BUY,LOC,star_loc_buy,20.15,47070,0.0,23.4952,5284472.91,948609.01
2023-08-21,SELL,LOC,quarter_loc_sell,21.88,175695,-291285.84,23.4952,9121183.31,948609.01
2023-08-22,BUY,LOC,star_loc_buy,21.35,44424,0.0,23.3285,8172588.64,948609.01
2023-08-23,SELL,LOC,quarter_loc_sell,22.6,142877,-110380.84,23.3285,11395312.25,948609.01
2023-08-24,BUY,LOC,star_loc_buy,20.41,46470,0.0,23.043,10446717.28,948609.01
2023-08-25,BUY,LOC,star_loc_buy,20.66,45908,0.0,22.8331,9498115.73,948609.01
2023-08-28,BUY,LOC,star_loc_buy,21.42,44279,0.0,22.7224,8549517.28,948609.01
2023-08-29,SELL,LOC,quarter_loc_sell,23.07,141322,42770.43,22.7224,11803458.24,949678.27
2023-08-30,SELL,LOC,quarter_loc_sell,23.4,105991,66986.5,22.7224,14278811.27,951352.93
2023-08-31,SELL,LOC,quarter_loc_sell,23.86,79494,86736.28,22.7224,16171839.5,953521.34
2023-09-01,BUY,LOC,star_loc_buy,24.02,19845,0.0,22.8221,15695091.09,953521.34
2023-09-05,BUY,LOC,star_loc_buy,24.02,19845,0.0,22.9075,15218342.69,953521.34
2023-09-06,BUY,LOC,star_loc_buy,23.44,20336,0.0,22.9438,14741595.35,953521.34
2023-09-07,BUY,LOC,avg_loc_buy,21.87,21796,0.0,22.8707,14264845.33,953521.34
2023-09-07,BUY,LOC,star_loc_buy,21.87,21796,0.0,22.807,13788095.31,953521.34
2023-09-08,BUY,LOC,avg_loc_buy,21.5,22171,0.0,22.7274,13311347.31,953521.34
2023-09-08,BUY,LOC,star_loc_buy,21.5,22171,0.0,22.657,12834599.3,953521.34
2023-09-11,BUY,LOC,avg_loc_buy,21.45,22223,0.0,22.5914,12357844.45,953521.34
2023-09-11,BUY,LOC,star_loc_buy,21.45,22223,0.0,22.5325,11881089.6,953521.34
2023-09-12,BUY,LOC,star_loc_buy,20.94,45529,0.0,22.3803,10927569.33,953521.34
2023-09-13,BUY,LOC,star_loc_buy,21.23,44907,0.0,22.2812,9974050.72,953521.34
2023-09-14,SELL,LOC,quarter_loc_sell,21.65,130331,-87769.87,22.2812,12790214.62,953521.34
2023-09-15,BUY,LOC,avg_loc_buy,19.79,24087,0.0,22.1367,12313461.39,953521.34
2023-09-15,BUY,LOC,star_loc_buy,19.79,24087,0.0,22.0079,11836708.15,953521.34
2023-09-18,BUY,LOC,star_loc_buy,19.93,47836,0.0,21.8038,10883193.67,953521.34
2023-09-19,BUY,LOC,star_loc_buy,19.43,49067,0.0,21.5866,9929678.85,953521.34
2023-09-20,BUY,LOC,star_loc_buy,18.48,51589,0.0,21.3138,8976171.13,953521.34
2023-09-21,BUY,LOC,star_loc_buy,17.42,54728,0.0,20.9821,8022666.36,953521.34
2023-09-22,BUY,LOC,star_loc_buy,17.84,53440,0.0,20.7408,7069153.76,953521.34
2023-09-25,BUY,LOC,star_loc_buy,18.22,52325,0.0,20.5645,6115649.25,953521.34
2023-09-26,BUY,LOC,star_loc_buy,17.24,55300,0.0,20.3357,5162134.25,953521.34
2023-09-27,SELL,LOC,quarter_loc_sell,17.68,200863,-540351.52,20.3357,8706467.13,953521.34
2023-09-28,BUY,LOC,star_loc_buy,18.64,51146,0.0,20.203,7752962.69,953521.34
2023-09-29,SELL,LOC,quarter_loc_sell,18.87,163433,-223871.57,20.203,10830929.64,953521.34
2023-10-02,BUY,LOC,star_loc_buy,19.08,49967,0.0,20.0991,9877416.27,953521.34
2023-10-03,BUY,LOC,star_loc_buy,17.89,53291,0.0,19.9008,8923897.28,953521.34
2023-10-04,BUY,LOC,star_loc_buy,18.64,51146,0.0,19.8008,7970392.83,953521.34
2023-10-05,BUY,LOC,star_loc_buy,18.4,51814,0.0,19.6966,7016872.23,953521.34
2023-10-06,SELL,LOC,quarter_loc_sell,19.47,174130,-46065.39,19.6966,10400572.22,953521.34
2023-10-09,BUY,LOC,star_loc_buy,19.38,49193,0.0,19.6693,9447068.87,953521.34
2023-10-10,SELL,LOC,quarter_loc_sell,20.05,142895,48808.54,19.6693,12306526.79,954741.55
2023-10-11,SELL,LOC,quarter_loc_sell,20.51,107172,85809.65,19.6693,14500338.22,956886.79
2023-10-12,BUY,LOC,star_loc_buy,20.68,23132,0.0,19.7372,14021896.7,956886.79
2023-10-13,BUY,LOC,avg_loc_buy,18.98,25203,0.0,19.6856,13543472.01,956886.79
2023-10-13,BUY,LOC,star_loc_buy,18.98,25203,0.0,19.6406,13065047.32,956886.79
2023-10-16,BUY,LOC,star_loc_buy,19.81,24147,0.0,19.6503,12586623.49,956886.79
2023-10-17,BUY,LOC,avg_loc_buy,19.3,24786,0.0,19.6308,12108181.94,956886.79
2023-10-17,BUY,LOC,star_loc_buy,19.3,24786,0.0,19.6133,11629740.38,956886.79
2023-10-18,BUY,LOC,avg_loc_buy,18.28,26169,0.0,19.5428,11151299.31,956886.79
2023-10-18,BUY,LOC,star_loc_buy,18.28,26169,0.0,19.4794,10672858.23,956886.79
2023-10-19,BUY,LOC,star_loc_buy,17.43,54890,0.0,19.2841,9715982.02,956886.79
2023-10-20,BUY,LOC,star_loc_buy,16.64,57496,0.0,19.0441,8759105.07,956886.79
2023-10-23,BUY,LOC,star_loc_buy,16.39,58373,0.0,18.8202,7802228.09,956886.79
2023-10-24,BUY,LOC,star_loc_buy,17.04,56146,0.0,18.6866,6845356.74,956886.79
2023-10-25,BUY,LOC,star_loc_buy,14.97,63910,0.0,18.394,5888480.53,956886.79
2023-10-26,BUY,LOC,star_loc_buy,14.73,64952,0.0,18.1226,4931594.06,956886.79
2023-10-27,BUY,LOC,star_loc_buy,15.1,63360,0.0,17.9189,3974714.55,956886.79
2023-10-30,BUY,LOC,star_loc_buy,14.53,65846,0.0,17.6971,3017828.66,956886.79
2023-10-31,SELL,LOC,quarter_loc_sell,14.9,251521,-710843.24,17.6971,6758183.62,956886.79
2023-11-01,BUY,LOC,star_loc_buy,15.95,59983,0.0,17.5685,5801311.26,956886.79
2023-11-02,SELL,LOC,quarter_loc_sell,17.08,203636,-106251.5,17.5685,9272631.84,956886.79
2023-11-03,SELL,LOC,quarter_loc_sell,18.38,152727,118469.32,17.5685,12074280.21,959848.52
2023-11-06,SELL,LOC,quarter_loc_sell,18.25,114545,73989.98,17.5685,14160650.09,961698.27
2023-11-07,BUY,LOC,star_loc_buy,18.6,25848,0.0,17.6406,13679805.17,961698.27
2023-11-08,BUY,LOC,star_loc_buy,18.67,25751,0.0,17.7077,13198961.89,961698.27
2023-11-09,BUY,LOC,star_loc_buy,18.39,26143,0.0,17.75,12718120.0,961698.27
2023-11-10,SELL,LOC,quarter_loc_sell,20.6,105345,295998.75,17.75,14883995.29,969098.24
2023-11-13,SELL,LOC,quarter_loc_sell,20.02,79008,176261.68,17.75,16462651.06,973504.78
2023-11-14,SELL,LOC,quarter_loc_sell,22.14,59256,257574.01,17.75,17772020.64,979944.13
2023-11-14,SELL,LIMIT,target_sell,21.3,177771,623698.63,0.0,21551159.22,995536.6
2023-11-15,BUY,LOC,avg_loc_buy,22.63,21992,0.0,22.63,21053405.61,995536.6
2023-11-15,BUY,LOC,star_loc_buy,22.63,21992,0.0,22.63,20555652.0,995536.6
2023-11-16,BUY,LOC,star_loc_buy,22.72,21905,0.0,22.6599,20057895.74,995536.6
2023-11-17,BUY,LOC,star_loc_buy,23.13,21517,0.0,22.7756,19560132.88,995536.6
2023-11-20,BUY,LOC,star_loc_buy,24.18,20582,0.0,23.0433,19062385.47,995536.6
2023-11-21,BUY,LOC,avg_loc_buy,22.84,21790,0.0,23.0092,18564627.22,995536.6
2023-11-21,BUY,LOC,star_loc_buy,22.84,21790,0.0,22.9848,18066868.97,995536.6
2023-11-22,BUY,LOC,star_loc_buy,23.0,21638,0.0,22.9867,17569120.31,995536.6
2023-11-24,BUY,LOC,star_loc_buy,23.09,21554,0.0,22.9982,17071363.8,995536.6
2023-11-27,BUY,LOC,avg_loc_buy,22.97,21667,0.0,22.9953,16573598.16,995536.6
2023-11-27,BUY,LOC,star_loc_buy,22.97,21667,0.0,22.993,16075832.51,995536.6
2023-11-28,BUY,LOC,avg_loc_buy,22.54,22080,0.0,22.9546,15578074.66,995536.6
2023-11-28,BUY,LOC,star_loc_buy,22.54,22080,0.0,22.9222,15080316.81,995536.6
2023-11-29,BUY,LOC,star_loc_buy,23.22,21433,0.0,22.9432,14582567.9,995536.6
2023-11-30,BUY,LOC,avg_loc_buy,22.81,21819,0.0,22.9343,14084801.86,995536.6
2023-11-30,BUY,LOC,star_loc_buy,22.81,21819,0.0,22.9264,13587035.81,995536.6
2023-12-01,BUY,LOC,star_loc_buy,23.07,21573,0.0,22.9348,13089272.05,995536.6
2023-12-04,BUY,LOC,avg_loc_buy,22.31,22308,0.0,22.8992,12591505.91,995536.6
2023-12-04,BUY,LOC,star_loc_buy,22.31,22308,0.0,22.8674,12093739.78,995536.6
2023-12-05,BUY,LOC,avg_loc_buy,21.93,22694,0.0,22.8187,11595985.71,995536.6
2023-12-05,BUY,LOC,star_loc_buy,21.93,22694,0.0,22.7747,11098231.64,995536.6
2023-12-06,BUY,LOC,star_loc_buy,21.47,46361,0.0,22.655,10102711.66,995536.6
2023-12-07,SELL,LOC,quarter_loc_sell,23.18,126315,60606.49,22.655,13024983.8,997051.76
2023-12-08,SELL,LOC,quarter_loc_sell,23.7,94737,94622.4,22.655,15265872.43,999417.32
2023-12-11,SELL,LOC,quarter_loc_sell,26.11,71052,241867.46,22.655,17117422.57,1005464.01
2023-12-12,SELL,LOC,quarter_loc_sell,26.65,53289,210120.55,22.655,18534805.12,1010717.02
2023-12-13,SELL,LOC,quarter_loc_sell,27.92,39967,208250.51,22.655,19648507.8,1015923.28
2023-12-13,SELL,LIMIT,target_sell,27.19,119903,537403.43,0.0,22902313.05,1029358.37
2023-12-14,BUY,LOC,avg_loc_buy,30.19,17045,0.0,30.19,22387647.31,1029358.37
2023-12-14,BUY,LOC,star_loc_buy,30.19,17045,0.0,30.19,21872981.58,1029358.37
2023-12-15,BUY,LOC,star_loc_buy,30.57,16833,0.0,30.3156,21358319.58,1029358.37
2023-12-18,BUY,LOC,avg_loc_buy,30.29,16989,0.0,30.3092,20843645.58,1029358.37
2023-12-18,BUY,LOC,star_loc_buy,30.29,16989,0.0,30.3054,20328971.58,1029358.37
2023-12-19,BUY,LOC,star_loc_buy,30.75,16735,0.0,30.3786,19814293.14,1029358.37
2023-12-20,BUY,LOC,avg_loc_buy,28.1,18313,0.0,30.0307,19299620.65,1029358.37
2023-12-20,BUY,LOC,star_loc_buy,28.1,18313,0.0,29.775,18784948.16,1029358.37
2023-12-21,BUY,LOC,star_loc_buy,30.26,17006,0.0,29.8281,18270269.41,1029358.37
2023-12-22,BUY,LOC,star_loc_buy,30.51,16866,0.0,29.8949,17755610.56,1029358.37
2023-12-26,BUY,LOC,star_loc_buy,32.16,16001,0.0,30.0876,17240941.21,1029358.37
2023-12-27,BUY,LOC,star_loc_buy,32.35,15907,0.0,30.2639,16726272.58,1029358.37
2023-12-28,BUY,LOC,star_loc_buy,32.22,15971,0.0,30.4059,16211609.77,1029358.37
2023-12-29,BUY,LOC,star_loc_buy,31.4,16388,0.0,30.4748,15696949.38,1029358.37
2024-01-02,BUY,LOC,avg_loc_buy,28.04,18352,0.0,30.2994,15182282.11,1029358.37
2024-01-02,BUY,LOC,star_loc_buy,28.04,18352,0.0,30.1476,14667614.84,1029358.37
2024-01-03,BUY,LOC,avg_loc_buy,26.25,19603,0.0,29.8866,14152958.91,1029358.37
2024-01-03,BUY,LOC,star_loc_buy,26.25,19603,0.0,29.6583,13638302.97,1029358.37
2024-01-04,BUY,LOC,avg_loc_buy,25.58,20117,0.0,29.4115,13123632.92,1029358.37
2024-01-04,BUY,LOC,star_loc_buy,25.58,20117,0.0,29.1929,12608962.87,1029358.37
2024-01-05,BUY,LOC,star_loc_buy,25.93,39691,0.0,28.8627,11579620.86,1029358.37
2024-01-08,SELL,LOC,quarter_loc_sell,28.43,98059,-47867.38,28.8627,14362001.99,1029358.37
2024-01-09,BUY,LOC,avg_loc_buy,28.42,18107,0.0,28.837,13847323.86,1029358.37
2024-01-09,BUY,LOC,star_loc_buy,28.42,18107,0.0,28.8142,13332645.73,1029358.37
2024-01-10,BUY,LOC,avg_loc_buy,28.17,18267,0.0,28.7804,12817987.15,1029358.37
2024-01-10,BUY,LOC,star_loc_buy,28.17,18267,0.0,28.75,12303328.58,1029358.37
2024-01-11,BUY,LOC,star_loc_buy,28.46,36163,0.0,28.724,11273975.22,1029358.37
2024-01-12,SELL,LOC,quarter_loc_sell,28.1,100772,-68405.89,28.724,14100146.61,1029358.37
2024-01-16,BUY,LOC,star_loc_buy,29.19,17629,0.0,28.7497,13585478.92,1029358.37
2024-01-17,BUY,LOC,avg_loc_buy,28.43,18100,0.0,28.7326,13070818.73,1029358.37
2024-01-17,BUY,LOC,star_loc_buy,28.43,18100,0.0,28.7172,12556158.54,1029358.37
2024-01-18,SELL,LOC,quarter_loc_sell,31.19,89036,214752.71,28.7172,15327776.17,1034727.19
2024-01-19,SELL,LOC,quarter_loc_sell,34.86,66777,405658.23,28.7172,17651083.09,1044868.64
2024-01-19,SELL,LIMIT,target_sell,34.46,200332,1137004.23,0.0,24541062.1,1073293.75
2024-01-22,BUY,LOC,avg_loc_buy,35.26,15217,0.0,35.26,24004430.19,1073293.75
2024-01-22,BUY,LOC,star_loc_buy,35.26,15217,0.0,35.26,23467798.29,1073293.75
2024-01-23,BUY,LOC,star_loc_buy,35.92,14937,0.0,35.4773,22931180.77,1073293.75
2024-01-24,BUY,LOC,star_loc_buy,37.42,14339,0.0,35.9438,22394534.91,1073293.75
2024-01-25,BUY,LOC,star_loc_buy,37.12,14454,0.0,36.173,21857921.95,1073293.75
2024-01-26,BUY,LOC,avg_loc_buy,34.01,15776,0.0,35.7936,21321299.7,1073293.75
2024-01-26,BUY,LOC,star_loc_buy,34.01,15776,0.0,35.5275,20784677.46,1073293.75
2024-01-29,BUY,LOC,avg_loc_buy,35.04,15312,0.0,35.4658,20248064.5,1073293.75
2024-01-29,BUY,LOC,star_loc_buy,35.04,15312,0.0,35.418,19711451.54,1073293.75
2024-01-30,BUY,LOC,avg_loc_buy,33.53,16002,0.0,35.2197,19174824.0,1073293.75
2024-01-30,BUY,LOC,star_loc_buy,33.53,16002,0.0,35.059,18638196.46,1073293.75
2024-01-31,BUY,LOC,avg_loc_buy,32.1,16715,0.0,34.7918,18101564.48,1073293.75
2024-01-31,BUY,LOC,star_loc_buy,32.1,16715,0.0,34.5688,17564932.49,1073293.75
2024-02-01,BUY,LOC,avg_loc_buy,32.45,16535,0.0,34.4083,17028291.26,1073293.75
2024-02-01,BUY,LOC,star_loc_buy,32.45,16535,0.0,34.2704,16491650.03,1073293.75
2024-02-02,BUY,LOC,avg_loc_buy,33.65,15945,0.0,34.231,15955020.29,1073293.75
2024-02-02,BUY,LOC,star_loc_buy,33.65,15945,0.0,34.1963,15418390.56,1073293.75
2024-02-05,BUY,LOC,star_loc_buy,35.1,15286,0.0,34.2452,14881771.48,1073293.75
2024-02-06,BUY,LOC,avg_loc_buy,33.83,15860,0.0,34.2231,14345147.2,1073293.75
2024-02-06,BUY,LOC,star_loc_buy,33.83,15860,0.0,34.2033,13808522.92,1073293.75
2024-02-07,SELL,LOC,quarter_loc_sell,35.36,78435,85320.96,34.2033,16576576.27,1075426.77
2024-02-08,SELL,LOC,quarter_loc_sell,37.15,58826,169083.66,34.2033,18757700.66,1079653.87
2024-02-09,SELL,LOC,quarter_loc_sell,39.32,44119,222362.85,34.2033,20489076.96,1085212.94
2024-02-12,SELL,LOC,quarter_loc_sell,39.15,33090,161161.59,34.2033,21782024.29,1089241.98
2024-02-12,SELL,LIMIT,target_sell,41.04,99270,670739.2,0.0,25848120.71,1106010.46
2024-02-13,BUY,LOC,avg_loc_buy,36.84,15008,0.0,36.84,25295143.06,1106010.46
2024-02-13,BUY,LOC,star_loc_buy,36.84,15008,0.0,36.84,24742165.4,1106010.46
2024-02-14,BUY,LOC,star_loc_buy,39.12,14134,0.0,37.5699,24189160.38,1106010.46
2024-02-15,BUY,LOC,star_loc_buy,39.11,14137,0.0,37.9434,23636179.38,1106010.46
2024-02-16,BUY,LOC,star_loc_buy,38.33,14425,0.0,38.0201,23083186.19,1106010.46
2024-02-20,BUY,LOC,avg_loc_buy,36.42,15181,0.0,37.7438,22530211.24,1106010.46
2024-02-20,BUY,LOC,star_loc_buy,36.42,15181,0.0,37.5488,21977236.29,1106010.46
2024-02-21,BUY,LOC,avg_loc_buy,36.14,15299,0.0,37.3667,21424247.49,1106010.46
2024-02-21,BUY,LOC,star_loc_buy,36.14,15299,0.0,37.2263,20871258.69,1106010.46
2024-02-22,SELL,LOC,quarter_loc_sell,41.42,33418,137445.52,37.2263,22252733.12,1109446.59
2024-02-23,BUY,LOC,star_loc_buy,40.17,13807,0.0,37.5826,21698022.73,1109446.59
2024-02-26,BUY,LOC,star_loc_buy,41.21,13458,0.0,37.9655,21143335.36,1109446.59
2024-02-27,BUY,LOC,star_loc_buy,41.11,13491,0.0,38.2663,20588637.16,1109446.59
2024-02-28,BUY,LOC,star_loc_buy,39.8,13935,0.0,38.4042,20033940.97,1109446.59
2024-02-29,SELL,LOC,quarter_loc_sell,42.84,38736,168587.39,38.4042,21690155.28,1113661.28
2024-03-01,SELL,LOC,quarter_loc_sell,48.33,29052,285625.01,38.4042,23091500.48,1120801.9
2024-03-01,SELL,LIMIT,target_sell,46.09,87157,662033.88,0.0,27100733.33,1137352.75
2024-03-04,BUY,LOC,avg_loc_buy,49.77,11424,0.0,49.77,26532075.56,1137352.75
2024-03-04,BUY,LOC,star_loc_buy,49.77,11424,0.0,49.77,25963417.8,1137352.75
2024-03-05,BUY,LOC,avg_loc_buy,46.84,12139,0.0,48.7534,25394741.75,1137352.75
2024-03-05,BUY,LOC,star_loc_buy,46.84,12139,0.0,48.2605,24826065.7,1137352.75
2024-03-06,BUY,LOC,star_loc_buy,50.22,11322,0.0,48.6401,24257389.57,1137352.75
2024-03-07,BUY,LOC,star_loc_buy,55.32,10278,0.0,49.6391,23688725.32,1137352.75
2024-03-08,BUY,LOC,avg_loc_buy,48.95,11615,0.0,49.5395,23120085.79,1137352.75
2024-03-08,BUY,LOC,star_loc_buy,48.95,11615,0.0,49.465,22551446.26,1137352.75
2024-03-11,BUY,LOC,avg_loc_buy,46.77,12157,0.0,49.1503,21982778.08,1137352.75
2024-03-11,BUY,LOC,star_loc_buy,46.77,12157,0.0,48.9014,21414109.9,1137352.75
2024-03-12,BUY,LOC,star_loc_buy,49.58,11468,0.0,48.9624,20845441.17,1137352.75
2024-03-13,BUY,LOC,avg_loc_buy,46.08,12339,0.0,48.7085,20276774.77,1137352.75
2024-03-13,BUY,LOC,star_loc_buy,46.08,12339,0.0,48.4957,19708108.36,1137352.75
2024-03-14,BUY,LOC,avg_loc_buy,43.53,13062,0.0,48.1037,19139434.21,1137352.75
2024-03-14,BUY,LOC,star_loc_buy,43.53,13062,0.0,47.7691,18570760.06,1137352.75
2024-03-15,BUY,LOC,avg_loc_buy,42.74,13303,0.0,47.4204,18002104.56,1137352.75
2024-03-15,BUY,LOC,star_loc_buy,42.74,13303,0.0,47.1169,17433449.05,1137352.75
2024-03-18,BUY,LOC,avg_loc_buy,42.54,13366,0.0,46.8369,16864774.12,1137352.75
2024-03-18,BUY,LOC,star_loc_buy,42.54,13366,0.0,46.5892,16296099.2,1137352.75
2024-03-19,BUY,LOC,avg_loc_buy,41.42,13727,0.0,46.3003,15727441.57,1137352.75
2024-03-19,BUY,LOC,star_loc_buy,41.42,13727,0.0,46.042,15158783.94,1137352.75
2024-03-20,BUY,LOC,star_loc_buy,43.4,26202,0.0,45.7995,14021446.57,1137352.75
2024-03-21,SELL,LOC,quarter_loc_sell,46.31,71383,29992.13,45.7995,17320747.09,1138102.55
2024-03-22,BUY,LOC,star_loc_buy,46.43,12254,0.0,45.8337,16751708.53,1138102.55
2024-03-25,BUY,LOC,star_loc_buy,45.89,12398,0.0,45.8366,16182678.97,1138102.55
2024-03-26,BUY,LOC,avg_loc_buy,45.03,12635,0.0,45.7961,15613639.57,1138102.55
2024-03-26,BUY,LOC,star_loc_buy,45.03,12635,0.0,45.7594,15044600.18,1138102.55
2024-03-27,SELL,LOC,quarter_loc_sell,46.5,66018,42906.68,45.7594,18108451.0,1139175.22
2024-03-28,BUY,LOC,star_loc_buy,46.53,12239,0.0,45.8042,17538884.91,1139175.22
2024-04-01,SELL,LOC,quarter_loc_sell,47.99,52573,109991.65,45.8042,20056943.37,1141925.01
2024-04-02,BUY,LOC,star_loc_buy,45.88,12442,0.0,45.8098,19486018.78,1141925.01
2024-04-03,BUY,LOC,star_loc_buy,46.19,12359,0.0,45.8355,18915070.94,1141925.01
2024-04-04,BUY,LOC,avg_loc_buy,42.37,13473,0.0,45.5973,18344134.31,1141925.01
2024-04-04,BUY,LOC,star_loc_buy,42.37,13473,0.0,45.3897,17773197.67,1141925.01
2024-04-05,BUY,LOC,avg_loc_buy,43.62,13087,0.0,45.2857,17202257.1,1141925.01
2024-04-05,BUY,LOC,star_loc_buy,43.62,13087,0.0,45.1932,16631316.53,1141925.01
2024-04-08,BUY,LOC,avg_loc_buy,44.0,12974,0.0,45.1309,16060374.9,1141925.01
2024-04-08,BUY,LOC,star_loc_buy,44.0,12974,0.0,45.0748,15489433.28,1141925.01
2024-04-09,SELL,LOC,quarter_loc_sell,45.39,65397,14824.77,45.0748,18452014.79,1142295.63
2024-04-10,BUY,LOC,avg_loc_buy,43.09,13252,0.0,44.9492,17880900.45,1142295.63
2024-04-10,BUY,LOC,star_loc_buy,43.09,13252,0.0,44.8386,17309786.12,1142295.63
2024-04-11,BUY,LOC,star_loc_buy,45.8,12468,0.0,44.8896,16738666.06,1142295.63
2024-04-12,BUY,LOC,avg_loc_buy,41.51,13757,0.0,44.7028,16167527.33,1142295.63
2024-04-12,BUY,LOC,star_loc_buy,41.51,13757,0.0,44.5356,15596388.61,1142295.63
2024-04-15,BUY,LOC,star_loc_buy,39.78,28711,0.0,44.067,14454093.71,1142295.63
2024-04-16,BUY,LOC,star_loc_buy,40.54,28172,0.0,43.7561,13311829.51,1142295.63
2024-04-17,BUY,LOC,star_loc_buy,37.06,30818,0.0,43.1671,12169543.12,1142295.63
2024-04-18,BUY,LOC,star_loc_buy,34.91,32716,0.0,42.462,11027256.24,1142295.63
2024-04-19,BUY,LOC,star_loc_buy,30.79,37094,0.0,41.4316,9884960.66,1142295.63
2024-04-22,BUY,LOC,star_loc_buy,32.07,35613,0.0,40.7001,8742680.43,1142295.63
2024-04-23,BUY,LOC,star_loc_buy,34.11,33483,0.0,40.2491,7600403.99,1142295.63
2024-04-24,SELL,LOC,quarter_loc_sell,35.49,122321,-590608.79,40.2491,11933110.99,1142295.63
2024-04-25,BUY,LOC,star_loc_buy,37.41,30529,0.0,40.0311,10790849.79,1142295.63
2024-04-26,SELL,LOC,quarter_loc_sell,39.8,99373,-30676.36,40.0311,14738182.85,1142295.63
2024-04-29,SELL,LOC,quarter_loc_sell,40.61,74530,37244.23,40.0311,17758944.16,1143226.74
2024-04-30,BUY,LOC,avg_loc_buy,38.18,14969,0.0,39.9149,17187342.01,1143226.74
2024-04-30,BUY,LOC,star_loc_buy,38.18,14969,0.0,39.8125,16615739.86,1143226.74
2024-05-01,BUY,LOC,avg_loc_buy,34.37,16628,0.0,39.4775,16044149.78,1143226.74
2024-05-01,BUY,LOC,star_loc_buy,34.37,16628,0.0,39.1814,15472559.69,1143226.74
2024-05-02,BUY,LOC,avg_loc_buy,36.45,15679,0.0,39.0398,14900974.42,1143226.74
2024-05-02,BUY,LOC,star_loc_buy,36.45,15679,0.0,38.9122,14329389.14,1143226.74
2024-05-03,SELL,LOC,quarter_loc_sell,38.97,79535,-1443.83,38.9122,17422824.11,1143226.74
2024-05-06,SELL,LOC,quarter_loc_sell,41.3,59652,137635.24,38.9122,19881647.63,1146667.62
2024-05-07,BUY,LOC,star_loc_buy,40.36,14203,0.0,39.0186,19308328.57,1146667.62
2024-05-08,BUY,LOC,star_loc_buy,40.41,14185,0.0,39.1138,18735026.73,1146667.62
2024-05-09,BUY,LOC,star_loc_buy,39.96,14345,0.0,39.1686,18161714.55,1146667.62
2024-05-10,BUY,LOC,star_loc_buy,41.03,13971,0.0,39.2789,17588398.44,1146667.62
2024-05-13,SELL,LOC,quarter_loc_sell,41.27,58915,112563.25,39.2789,20015079.21,1149481.7
2024-05-14,SELL,LOC,quarter_loc_sell,43.21,44186,169975.64,39.2789,21920633.18,1153731.09
2024-05-15,SELL,LOC,quarter_loc_sell,47.0,33139,252831.71,39.2789,23475128.99,1160051.88
2024-05-16,SELL,LOC,quarter_loc_sell,46.26,24855,171272.67,39.2789,24622679.2,1164333.7
2024-05-16,SELL,LIMIT,target_sell,47.13,74565,578563.05,0.0,28130074.86,1178797.78
2024-05-17,BUY,LOC,avg_loc_buy,45.4,12980,0.0,45.4,27540694.47,1178797.78
2024-05-17,BUY,LOC,star_loc_buy,45.4,12980,0.0,45.4,26951314.08,1178797.78
2024-05-20,BUY,LOC,star_loc_buy,48.25,12213,0.0,46.3118,26361948.44,1178797.78
2024-05-21,BUY,LOC,star_loc_buy,47.98,12282,0.0,46.7179,25772569.68,1178797.78
2024-05-22,BUY,LOC,star_loc_buy,49.38,11934,0.0,47.2271,25183180.37,1178797.78
2024-05-23,BUY,LOC,star_loc_buy,48.81,12073,0.0,47.4838,24593808.84,1178797.78
2024-05-24,BUY,LOC,star_loc_buy,51.44,11456,0.0,48.0113,24004423.81,1178797.78
2024-05-28,BUY,LOC,star_loc_buy,54.04,10905,0.0,48.6903,23415029.21,1178797.78
2024-05-29,BUY,LOC,star_loc_buy,50.98,11559,0.0,48.9345,22825663.0,1178797.78
2024-05-30,BUY,LOC,star_loc_buy,50.0,11786,0.0,49.039,22236274.61,1178797.78
2024-05-31,BUY,LOC,avg_loc_buy,48.59,12128,0.0,48.9978,21646886.69,1178797.78
2024-05-31,BUY,LOC,star_loc_buy,48.59,12128,0.0,48.9636,21057498.78,1178797.78
2024-06-03,BUY,LOC,avg_loc_buy,48.59,12128,0.0,48.9346,20468110.86,1178797.78
2024-06-03,BUY,LOC,star_loc_buy,48.59,12128,0.0,48.9099,19878722.95,1178797.78
2024-06-04,BUY,LOC,avg_loc_buy,47.59,12383,0.0,48.8196,19289327.58,1178797.78
2024-06-04,BUY,LOC,star_loc_buy,47.59,12383,0.0,48.7409,18699932.22,1178797.78
2024-06-05,SELL,LOC,quarter_loc_sell,53.52,48361,226075.86,48.7409,21283165.79,1184449.67
2024-06-06,BUY,LOC,star_loc_buy,52.51,11276,0.0,49.0127,20690974.21,1184449.67
2024-06-07,BUY,LOC,star_loc_buy,51.87,11415,0.0,49.2071,20098789.35,1184449.67
2024-06-10,SELL,LOC,quarter_loc_sell,53.95,41944,194523.83,49.2071,22357255.53,1189312.77
2024-06-11,SELL,LOC,quarter_loc_sell,54.17,31458,152800.14,49.2071,24058012.44,1193132.77
2024-06-12,SELL,LOC,quarter_loc_sell,58.72,23593,221736.49,49.2071,25440691.91,1198676.18
2024-06-12,SELL,LIMIT,target_sell,59.05,70781,688540.46,0.0,29612159.7,1215889.7
2024-06-13,BUY,LOC,avg_loc_buy,60.86,9987,0.0,60.86,29004259.71,1215889.7
2024-06-13,BUY,LOC,star_loc_buy,60.86,9987,0.0,60.86,28396359.72,1215889.7
2024-06-14,BUY,LOC,avg_loc_buy,60.1,10114,0.0,60.6045,27788417.14,1215889.7
2024-06-14,BUY,LOC,star_loc_buy,60.1,10114,0.0,60.4776,27180474.56,1215889.7
2024-06-17,BUY,LOC,star_loc_buy,62.67,9699,0.0,60.9037,26572547.06,1215889.7
2024-06-18,BUY,LOC,star_loc_buy,65.24,9317,0.0,61.586,25964614.8,1215889.7
2024-06-20,BUY,LOC,avg_loc_buy,60.02,10127,0.0,61.3573,25356701.09,1215889.7
2024-06-20,BUY,LOC,star_loc_buy,60.02,10127,0.0,61.1869,24748787.37,1215889.7
2024-06-21,BUY,LOC,avg_loc_buy,58.2,10444,0.0,60.8399,24140855.4,1215889.7
2024-06-21,BUY,LOC,star_loc_buy,58.2,10444,0.0,60.5652,23532923.42,1215889.7
2024-06-24,BUY,LOC,avg_loc_buy,53.22,11421,0.0,59.8147,22925006.63,1215889.7
2024-06-24,BUY,LOC,star_loc_buy,53.22,11421,0.0,59.2034,22317089.83,1215889.7
2024-06-25,BUY,LOC,avg_loc_buy,55.3,10991,0.0,58.8837,21709196.36,1215889.7
2024-06-25,BUY,LOC,star_loc_buy,55.3,10991,0.0,58.6124,21101302.89,1215889.7
2024-06-26,BUY,LOC,avg_loc_buy,54.78,11096,0.0,58.3403,20493372.84,1215889.7
2024-06-26,BUY,LOC,star_loc_buy,54.78,11096,0.0,58.1043,19885442.78,1215889.7
2024-06-27,BUY,LOC,avg_loc_buy,53.8,11298,0.0,57.8321,19277519.21,1215889.7
2024-06-27,BUY,LOC,star_loc_buy,53.8,11298,0.0,57.5923,18669595.63,1215889.7
2024-06-28,BUY,LOC,avg_loc_buy,55.36,10980,0.0,57.4703,18061651.65,1215889.7
2024-06-28,BUY,LOC,star_loc_buy,55.36,10980,0.0,57.361,17453707.68,1215889.7
2024-07-01,BUY,LOC,star_loc_buy,55.36,21960,0.0,57.1731,16237819.72,1215889.7
2024-07-02,SELL,LOC,quarter_loc_sell,57.6,58473,18393.58,57.1731,19599296.83,1216349.54
2024-07-03,SELL,LOC,quarter_loc_sell,60.39,43854,135909.02,57.1731,22242475.62,1219747.26
2024-07-05,BUY,LOC,star_loc_buy,60.81,10027,0.0,57.4307,21632642.29,1219747.26
2024-07-08,SELL,LOC,quarter_loc_sell,64.31,35398,239075.64,57.4307,23904648.6,1225724.15
2024-07-09,SELL,LOC,quarter_loc_sell,64.25,26548,177713.58,57.4307,25607031.47,1230166.99
2024-07-10,SELL,LOC,quarter_loc_sell,68.59,19911,219530.42,57.4307,26970063.86,1235655.25
2024-07-10,SELL,LIMIT,target_sell,68.92,59735,678287.41,0.0,31078972.03,1252612.44
2024-07-11,BUY,LOC,avg_loc_buy,61.99,10101,0.0,61.99,30452717.12,1252612.44
2024-07-11,BUY,LOC,star_loc_buy,61.99,10101,0.0,61.99,29826462.2,1252612.44
2024-07-12,BUY,LOC,star_loc_buy,63.94,9793,0.0,62.6267,29200203.86,1252612.44
2024-07-15,BUY,LOC,star_loc_buy,64.14,9763,0.0,62.9983,28573911.11,1252612.44
2024-07-16,BUY,LOC,star_loc_buy,65.3,9589,0.0,63.4455,27947655.48,1252612.44
2024-07-17,BUY,LOC,avg_loc_buy,51.55,12147,0.0,61.0958,27321383.71,1252612.44
2024-07-17,BUY,LOC,star_loc_buy,51.55,12147,0.0,59.5212,26695111.93,1252612.44
2024-07-18,BUY,LOC,avg_loc_buy,51.66,12121,0.0,58.4102,26068847.14,1252612.44
2024-07-18,BUY,LOC,star_loc_buy,51.66,12121,0.0,57.5743,25442582.36,1252612.44
2024-07-19,BUY,LOC,avg_loc_buy,47.0,13323,0.0,56.3074,24816307.43,1252612.44
2024-07-19,BUY,LOC,star_loc_buy,47.0,13323,0.0,55.3117,24190032.5,1252612.44
2024-07-22,BUY,LOC,avg_loc_buy,52.93,11830,0.0,55.105,23563776.68,1252612.44
2024-07-22,BUY,LOC,star_loc_buy,52.93,11830,0.0,54.9314,22937520.86,1252612.44
2024-07-23,BUY,LOC,avg_loc_buy,50.53,12392,0.0,54.5918,22311259.17,1252612.44
2024-07-23,BUY,LOC,star_loc_buy,50.53,12392,0.0,54.3008,21684997.49,1252612.44
2024-07-24,BUY,LOC,avg_loc_buy,42.9,14597,0.0,53.4135,21058692.25,1252612.44
2024-07-24,BUY,LOC,star_loc_buy,42.9,14597,0.0,52.6544,20432387.02,1252612.44
2024-07-25,BUY,LOC,avg_loc_buy,39.78,15741,0.0,51.7244,19806116.12,1252612.44
2024-07-25,BUY,LOC,star_loc_buy,39.78,15741,0.0,50.9197,19179845.21,1252612.44
2024-07-26,BUY,LOC,avg_loc_buy,41.92,14938,0.0,50.3789,18553550.32,1252612.44
2024-07-26,BUY,LOC,star_loc_buy,41.92,14938,0.0,49.8994,17927255.43,1252612.44
2024-07-29,BUY,LOC,star_loc_buy,41.81,29955,0.0,49.0737,16674649.02,1252612.44
2024-07-30,BUY,LOC,star_loc_buy,37.24,33631,0.0,47.8571,15422042.71,1252612.44
2024-07-31,BUY,LOC,star_loc_buy,44.39,28214,0.0,47.5818,14169435.39,1252612.44
2024-08-01,BUY,LOC,star_loc_buy,35.0,35783,0.0,46.4307,12916842.53,1252612.44
2024-08-02,BUY,LOC,star_loc_buy,29.34,42686,0.0,44.7489,11664247.43,1252612.44
2024-08-05,BUY,LOC,star_loc_buy,27.89,44905,0.0,43.1674,10411659.12,1252612.44
2024-08-06,BUY,LOC,star_loc_buy,28.58,43821,0.0,41.9441,9159067.08,1252612.44
2024-08-07,BUY,LOC,star_loc_buy,26.22,47766,0.0,40.6271,7906454.69,1252612.44
2024-08-08,BUY,LOC,star_loc_buy,31.46,39810,0.0,40.0289,6653844.23,1252612.44
2024-08-09,SELL,MOC,quarter_moc_sell,31.01,152524,-1384819.96,40.0289,11374390.42,1252612.44
2024-08-09,BUY,LOC,star_loc_buy,31.01,40387,0.0,39.2974,10121801.69,1252612.44
2024-08-12,BUY,LOC,star_loc_buy,31.41,39873,0.0,38.7127,8869202.9,1252612.44
2024-08-13,SELL,LOC,quarter_loc_sell,35.28,134458,-470799.49,38.7127,13603630.97,1252612.44
2024-08-14,SELL,LOC,quarter_loc_sell,35.05,100843,-376246.53,38.7127,17131285.75,1252612.44
2024-08-15,SELL,LOC,quarter_loc_sell,39.92,75632,85425.64,38.7127,20144627.69,1254748.08
2024-08-16,SELL,LOC,quarter_loc_sell,39.73,56724,53312.68,38.7127,22393877.6,1256080.9
2024-08-19,BUY,LOC,star_loc_buy,41.6,15094,0.0,38.9479,21765873.02,1256080.9
2024-08-20,BUY,LOC,star_loc_buy,40.09,15663,0.0,39.0369,21137849.16,1256080.9
2024-08-21,BUY,LOC,star_loc_buy,41.73,15047,0.0,39.2246,20509843.66,1256080.9
2024-08-22,BUY,LOC,avg_loc_buy,37.51,16740,0.0,39.1012,19881832.07,1256080.9
2024-08-22,BUY,LOC,star_loc_buy,37.51,16740,0.0,38.9944,19253820.49,1256080.9
2024-08-23,BUY,LOC,star_loc_buy,40.4,15543,0.0,39.0769,18625789.1,1256080.9
2024-08-26,BUY,LOC,avg_loc_buy,37.37,16803,0.0,38.9751,17997766.8,1256080.9
2024-08-26,BUY,LOC,star_loc_buy,37.37,16803,0.0,38.8848,17369744.5,1256080.9
2024-08-27,BUY,LOC,avg_loc_buy,38.49,16314,0.0,38.8643,16741724.45,1256080.9
2024-08-27,BUY,LOC,star_loc_buy,38.49,16314,0.0,38.8459,16113704.4,1256080.9
2024-08-28,BUY,LOC,star_loc_buy,36.6,34314,0.0,38.6351,14857623.62,1256080.9
2024-08-29,BUY,LOC,star_loc_buy,36.19,34702,0.0,38.4231,13601569.86,1256080.9
2024-08-30,SELL,LOC,quarter_loc_sell,38.79,100063,29145.72,38.4231,17475444.81,1256809.54
2024-09-03,BUY,LOC,avg_loc_buy,30.07,20894,0.0,37.8795,16847067.99,1256809.54
2024-09-03,BUY,LOC,star_loc_buy,30.07,20894,0.0,37.4024,16218691.17,1256809.54
2024-09-04,BUY,LOC,star_loc_buy,30.3,41472,0.0,36.6342,14961901.08,1256809.54
2024-09-05,BUY,LOC,star_loc_buy,29.75,42239,0.0,35.9511,13705102.33,1256809.54
2024-09-06,BUY,LOC,star_loc_buy,25.96,48406,0.0,34.931,12448294.08,1256809.54
2024-09-09,BUY,LOC,star_loc_buy,27.43,45811,0.0,34.2701,11191509.86,1256809.54
2024-09-10,BUY,LOC,star_loc_buy,28.35,44325,0.0,33.805,9934707.62,1256809.54
2024-09-11,SELL,LOC,quarter_loc_sell,32.22,141057,-232437.51,33.805,14470701.69,1256809.54
2024-09-12,BUY,LOC,star_loc_buy,31.81,39503,0.0,33.6347,13213922.77,1256809.54
2024-09-13,SELL,LOC,quarter_loc_sell,33.43,115669,-31213.82,33.6347,17073197.15,1256809.54
2024-09-16,BUY,LOC,avg_loc_buy,32.16,19537,0.0,33.5561,16444792.99,1256809.54
2024-09-16,BUY,LOC,star_loc_buy,32.16,19537,0.0,33.4854,15816388.82,1256809.54
2024-09-17,BUY,LOC,star_loc_buy,32.16,39074,0.0,33.3636,14559580.49,1256809.54
2024-09-18,BUY,LOC,star_loc_buy,31.14,40353,0.0,33.1709,13302799.58,1256809.54
2024-09-19,SELL,LOC,quarter_loc_sell,35.12,116377,218866.1,33.1709,17381989.86,1262281.19
2024-09-20,BUY,LOC,star_loc_buy,33.55,18809,0.0,33.1902,16750853.25,1262281.19
2024-09-23,SELL,LOC,quarter_loc_sell,33.92,91985,61043.33,33.1902,19864900.19,1263807.27
2024-09-24,SELL,LOC,quarter_loc_sell,35.07,68988,124963.49,33.1902,22279591.51,1266931.36
2024-09-25,BUY,LOC,star_loc_buy,35.74,17721,0.0,33.3913,21646147.96,1266931.36
2024-09-26,SELL,LOC,quarter_loc_sell,39.65,56172,347218.83,33.3913,23869024.68,1275611.83
2024-09-26,SELL,LIMIT,target_sell,40.07,168516,1112295.19,0.0,30608293.55,1303419.21
2024-09-27,BUY,LOC,avg_loc_buy,37.66,17302,0.0,37.66,29956602.5,1303419.21
2024-09-27,BUY,LOC,star_loc_buy,37.66,17302,0.0,37.66,29304911.44,1303419.21
2024-09-30,BUY,LOC,avg_loc_buy,36.68,17764,0.0,37.3276,28653230.18,1303419.21
2024-09-30,BUY,LOC,star_loc_buy,36.68,17764,0.0,37.1635,28001548.92,1303419.21
2024-10-01,BUY,LOC,avg_loc_buy,33.83,19261,0.0,36.4453,27349851.55,1303419.21
2024-10-01,BUY,LOC,star_loc_buy,33.83,19261,0.0,35.9817,26698154.18,1303419.21
2024-10-02,BUY,LOC,avg_loc_buy,34.96,18638,0.0,35.8321,26046471.96,1303419.21
2024-10-02,BUY,LOC,star_loc_buy,34.96,18638,0.0,35.7207,25394789.75,1303419.21
2024-10-03,BUY,LOC,avg_loc_buy,35.21,18506,0.0,35.6632,24743095.75,1303419.21
2024-10-03,BUY,LOC,star_loc_buy,35.21,18506,0.0,35.6174,24091401.75,1303419.21
2024-10-04,BUY,LOC,star_loc_buy,36.68,17764,0.0,35.7114,23439720.49,1303419.21
2024-10-07,BUY,LOC,star_loc_buy,36.41,17896,0.0,35.7686,22788029.39,1303419.21
2024-10-08,BUY,LOC,star_loc_buy,37.46,17394,0.0,35.8933,22136352.41,1303419.21
2024-10-09,SELL,LOC,quarter_loc_sell,38.61,58999,155841.75,35.8933,24409861.8,1307315.26
2024-10-10,BUY,LOC,star_loc_buy,37.83,17276,0.0,36.0655,23756212.69,1307315.26
2024-10-11,BUY,LOC,star_loc_buy,38.67,16900,0.0,36.2739,23102591.66,1307315.26
2024-10-14,SELL,LOC,quarter_loc_sell,40.82,52793,235797.81,36.2739,25253399.65,1313210.2
2024-10-15,BUY,LOC,avg_loc_buy,34.47,19045,0.0,36.0803,24596820.02,1313210.2
2024-10-15,BUY,LOC,star_loc_buy,34.47,19045,0.0,35.9242,23940240.4,1313210.2
2024-10-16,BUY,LOC,avg_loc_buy,34.46,19051,0.0,35.7948,23283644.47,1313210.2
2024-10-16,BUY,LOC,star_loc_buy,34.46,19051,0.0,35.6864,22627048.53,1313210.2
2024-10-17,BUY,LOC,avg_loc_buy,35.21,18645,0.0,35.6513,21970459.61,1313210.2
2024-10-17,BUY,LOC,star_loc_buy,35.21,18645,0.0,35.621,21313870.69,1313210.2
2024-10-18,BUY,LOC,avg_loc_buy,35.27,18613,0.0,35.5985,20657291.7,1313210.2
2024-10-18,BUY,LOC,star_loc_buy,35.27,18613,0.0,35.5788,20000712.72,1313210.2
2024-10-21,BUY,LOC,avg_loc_buy,35.09,18709,0.0,35.5509,19344115.44,1313210.2
2024-10-21,BUY,LOC,star_loc_buy,35.09,18709,0.0,35.526,18687518.15,1313210.2
2024-10-22,BUY,LOC,avg_loc_buy,34.69,18924,0.0,35.4827,18030946.12,1313210.2
2024-10-22,BUY,LOC,star_loc_buy,34.69,18924,0.0,35.4437,17374374.09,1313210.2
2024-10-23,BUY,LOC,star_loc_buy,33.8,38846,0.0,35.2928,16061182.34,1313210.2
2024-10-24,BUY,LOC,star_loc_buy,34.29,38291,0.0,35.2096,14747987.0,1313210.2
2024-10-25,SELL,LOC,quarter_loc_sell,35.28,115372,187.47,35.2096,18810374.03,1313214.89
2024-10-28,BUY,LOC,star_loc_buy,35.35,18571,0.0,35.2167,18153790.71,1313214.89
2024-10-29,SELL,LOC,quarter_loc_sell,37.98,91172,245180.59,35.2167,21609750.98,1319344.4
2024-10-30,BUY,LOC,avg_loc_buy,34.01,19393,0.0,35.1368,20950096.11,1319344.4
2024-10-30,BUY,LOC,star_loc_buy,34.01,19393,0.0,35.0669,20290441.25,1319344.4
2024-10-31,BUY,LOC,avg_loc_buy,30.09,21920,0.0,34.7405,19630769.51,1319344.4
2024-10-31,BUY,LOC,star_loc_buy,30.09,21920,0.0,34.4542,18971097.78,1319344.4
2024-11-01,BUY,LOC,avg_loc_buy,30.83,21393,0.0,34.2489,18311452.66,1319344.4
2024-11-01,BUY,LOC,star_loc_buy,30.83,21393,0.0,34.0655,17651807.53,1319344.4
2024-11-04,BUY,LOC,star_loc_buy,30.35,43464,0.0,33.7005,16332477.26,1319344.4
2024-11-05,BUY,LOC,star_loc_buy,31.38,42037,0.0,33.4991,15013158.34,1319344.4
2024-11-06,SELL,LOC,quarter_loc_sell,34.12,121107,67135.04,33.4991,19137271.44,1321022.78
2024-11-07,SELL,LOC,quarter_loc_sell,36.21,90831,239818.3,33.4991,22419848.42,1327018.24
2024-11-08,BUY,LOC,star_loc_buy,35.41,18735,0.0,33.6221,21756342.56,1327018.24
2024-11-11,BUY,LOC,avg_loc_buy,32.77,20244,0.0,33.5667,21092847.17,1327018.24
2024-11-11,BUY,LOC,star_loc_buy,32.77,20244,0.0,33.5181,20429351.78,1327018.24
2024-11-12,BUY,LOC,avg_loc_buy,31.67,20947,0.0,33.4083,19765860.78,1327018.24
2024-11-12,BUY,LOC,star_loc_buy,31.67,20947,0.0,33.3108,19102369.78,1327018.24
2024-11-13,BUY,LOC,avg_loc_buy,29.69,22344,0.0,33.1065,18438876.92,1327018.24
2024-11-13,BUY,LOC,star_loc_buy,29.69,22344,0.0,32.924,17775384.05,1327018.24
2024-11-14,BUY,LOC,star_loc_buy,29.6,44824,0.0,32.6023,16448394.63,1327018.24
2024-11-15,BUY,LOC,star_loc_buy,26.66,49768,0.0,32.0257,15121380.73,1327018.24
2024-11-18,BUY,LOC,star_loc_buy,27.67,47951,0.0,31.6533,13794377.54,1327018.24
2024-11-19,BUY,LOC,star_loc_buy,27.85,47641,0.0,31.3555,12467376.67,1327018.24
2024-11-20,BUY,LOC,star_loc_buy,27.13,48905,0.0,31.0411,11140385.0,1327018.24
2024-11-21,SELL,LOC,quarter_loc_sell,28.49,164346,-428401.45,31.0411,15813472.21,1327018.24
2024-11-22,BUY,LOC,star_loc_buy,28.49,46571,0.0,30.821,14486465.4,1327018.24
2024-11-25,SELL,LOC,quarter_loc_sell,29.33,134903,-208852.31,30.821,18435454.82,1327018.24
2024-11-26,BUY,LOC,avg_loc_buy,28.13,23583,0.0,30.6728,17771965.52,1327018.24
2024-11-26,BUY,LOC,star_loc_buy,28.13,23583,0.0,30.5401,17108476.22,1327018.24
2024-11-27,BUY,LOC,star_loc_buy,26.98,49177,0.0,30.1907,15781481.74,1327018.24
2024-11-29,BUY,LOC,star_loc_buy,28.06,47285,0.0,30.0069,14454465.62,1327018.24
2024-12-02,SELL,LOC,quarter_loc_sell,30.2,137084,18392.09,30.0069,18586329.54,1327478.04
2024-12-03,BUY,LOC,avg_loc_buy,29.73,22322,0.0,29.9927,17922596.94,1327478.04
2024-12-03,BUY,LOC,star_loc_buy,29.73,22322,0.0,29.9798,17258864.33,1327478.04
2024-12-04,SELL,LOC,quarter_loc_sell,30.88,113974,95733.65,29.9798,20771518.39,1329871.38
2024-12-05,BUY,LOC,avg_loc_buy,29.12,22830,0.0,29.926,20106609.07,1329871.38
2024-12-05,BUY,LOC,star_loc_buy,29.12,22830,0.0,29.8785,19441699.75,1329871.38
2024-12-06,BUY,LOC,avg_loc_buy,29.61,22453,0.0,29.8638,18776766.69,1329871.38
2024-12-06,BUY,LOC,star_loc_buy,29.61,22453,0.0,29.8506,18111833.64,1329871.38
2024-12-09,BUY,LOC,avg_loc_buy,29.23,22744,0.0,29.8196,17446926.8,1329871.38
2024-12-09,BUY,LOC,star_loc_buy,29.23,22744,0.0,29.7916,16782019.96,1329871.38
2024-12-10,BUY,LOC,star_loc_buy,27.06,49137,0.0,29.5369,15452173.29,1329871.38
2024-12-11,SELL,LOC,quarter_loc_sell,29.12,131778,-62427.39,29.5369,19282065.77,1329871.38
2024-12-12,BUY,LOC,avg_loc_buy,28.46,23360,0.0,29.4769,18617140.44,1329871.38
2024-12-12,BUY,LOC,star_loc_buy,28.46,23360,0.0,29.4231,17952215.12,1329871.38
2024-12-13,SELL,LOC,quarter_loc_sell,30.7,110514,134496.41,29.4231,21338379.0,1333233.79
2024-12-16,SELL,LOC,quarter_loc_sell,32.51,82885,250601.01,29.4231,24027715.9,1339498.81
2024-12-17,BUY,LOC,star_loc_buy,31.13,21511,0.0,29.559,23357978.02,1339498.81
2024-12-18,BUY,LOC,avg_loc_buy,27.83,24062,0.0,29.4176,22688232.11,1339498.81
2024-12-18,BUY,LOC,star_loc_buy,27.83,24062,0.0,29.2976,22018486.21,1339498.81
2024-12-19,BUY,LOC,avg_loc_buy,26.3,25461,0.0,29.0756,21348761.46,1339498.81
2024-12-19,BUY,LOC,star_loc_buy,26.3,25461,0.0,28.8842,20679036.72,1339498.81
2024-12-20,BUY,LOC,avg_loc_buy,27.3,24529,0.0,28.7855,20009294.57,1339498.81
2024-12-20,BUY,LOC,star_loc_buy,27.3,24529,0.0,28.6984,19339552.43,1339498.81
2024-12-23,SELL,LOC,quarter_loc_sell,29.59,104568,87201.78,28.6984,22427685.92,1341678.86
2024-12-24,BUY,LOC,star_loc_buy,30.48,22005,0.0,28.8152,21756872.92,1341678.86
2024-12-26,SELL,LOC,quarter_loc_sell,30.57,83927,142275.69,28.8152,24317518.29,1345235.75
2024-12-27,BUY,LOC,star_loc_buy,29.69,22651,0.0,28.8874,23644909.22,1345235.75
2024-12-30,BUY,LOC,avg_loc_buy,27.94,24070,0.0,28.811,22972292.55,1345235.75
2024-12-30,BUY,LOC,star_loc_buy,27.94,24070,0.0,28.746,22299675.87,1345235.75
2024-12-31,BUY,LOC,avg_loc_buy,27.31,24625,0.0,28.6441,21627066.24,1345235.75
2024-12-31,BUY,LOC,star_loc_buy,27.31,24625,0.0,28.5558,20954456.62,1345235.75
2025-01-02,BUY,LOC,avg_loc_buy,27.67,24304,0.0,28.5014,20281864.06,1345235.75
2025-01-02,BUY,LOC,star_loc_buy,27.67,24304,0.0,28.4534,19609271.51,1345235.75
2025-01-03,SELL,LOC,quarter_loc_sell,29.82,105107,137530.58,28.4534,22737450.38,1348674.02
2025-01-06,SELL,LOC,quarter_loc_sell,32.49,78831,313217.26,28.4534,25293675.2,1356504.45
2025-01-07,BUY,LOC,star_loc_buy,31.15,21770,0.0,28.6807,24615437.97,1356504.45
2025-01-08,BUY,LOC,star_loc_buy,30.18,22470,0.0,28.8007,23937191.65,1356504.45
2025-01-10,BUY,LOC,avg_loc_buy,28.06,24167,0.0,28.742,23258963.91,1356504.45
2025-01-10,BUY,LOC,star_loc_buy,28.06,24167,0.0,28.6919,22580736.18,1356504.45
2025-01-13,BUY,LOC,avg_loc_buy,27.85,24350,0.0,28.6339,21902486.95,1356504.45
2025-01-13,BUY,LOC,star_loc_buy,27.85,24350,0.0,28.5834,21224237.73,1356504.45
2025-01-14,BUY,LOC,avg_loc_buy,28.12,24116,0.0,28.5556,20545994.09,1356504.45
2025-01-14,BUY,LOC,star_loc_buy,28.12,24116,0.0,28.5309,19867750.45,1356504.45
2025-01-15,SELL,LOC,quarter_loc_sell,29.94,106499,143850.31,28.5309,23050112.78,1360100.71
2025-01-16,BUY,LOC,star_loc_buy,29.99,22672,0.0,28.6276,22370077.51,1360100.71
2025-01-17,SELL,LOC,quarter_loc_sell,32.49,85543,324983.72,28.6276,25143949.96,1368225.3
2025-01-21,SELL,LOC,quarter_loc_sell,33.69,64157,320575.11,28.6276,27301184.46,1376239.68
2025-01-21,SELL,LIMIT,target_sell,34.35,192472,1088514.15,0.0,33899705.41,1403452.53
2025-01-22,BUY,LOC,avg_loc_buy,35.15,19960,0.0,35.15,33198006.17,1403452.53
2025-01-22,BUY,LOC,star_loc_buy,35.15,19960,0.0,35.15,32496306.93,1403452.53
2025-01-23,BUY,LOC,avg_loc_buy,34.92,20092,0.0,35.073,31794589.05,1403452.53
2025-01-23,BUY,LOC,star_loc_buy,34.92,20092,0.0,35.0346,31092871.16,1403452.53
2025-01-24,BUY,LOC,avg_loc_buy,32.65,21489,0.0,34.5302,30391150.07,1403452.53
2025-01-24,BUY,LOC,star_loc_buy,32.65,21489,0.0,34.202,29689428.98,1403452.53
2025-01-27,BUY,LOC,avg_loc_buy,25.06,27997,0.0,32.5078,28987718.92,1403452.53
2025-01-27,BUY,LOC,star_loc_buy,25.06,27997,0.0,31.3434,28286008.86,1403452.53
2025-01-28,BUY,LOC,avg_loc_buy,25.37,27655,0.0,30.5443,27584296.27,1403452.53
2025-01-28,BUY,LOC,star_loc_buy,25.37,27655,0.0,29.9338,26882583.68,1403452.53
2025-01-29,BUY,LOC,avg_loc_buy,25.68,27321,0.0,29.4897,26180875.16,1403452.53
2025-01-29,BUY,LOC,star_loc_buy,25.68,27321,0.0,29.1296,25479166.63,1403452.53
2025-01-30,BUY,LOC,avg_loc_buy,27.15,25842,0.0,28.9671,24777451.09,1403452.53
2025-01-30,BUY,LOC,star_loc_buy,27.15,25842,0.0,28.8293,24075735.55,1403452.53
2025-01-31,BUY,LOC,avg_loc_buy,27.02,25966,0.0,28.7012,23374028.99,1403452.53
2025-01-31,BUY,LOC,star_loc_buy,27.02,25966,0.0,28.59,22672322.43,1403452.53
2025-02-03,BUY,LOC,avg_loc_buy,25.61,27396,0.0,28.3957,21970605.63,1403452.53
2025-02-03,BUY,LOC,star_loc_buy,25.61,27396,0.0,28.2251,21268888.83,1403452.53
2025-02-04,BUY,LOC,avg_loc_buy,26.25,26728,0.0,28.1138,20567173.59,1403452.53
2025-02-04,BUY,LOC,star_loc_buy,26.25,26728,0.0,28.0143,19865458.34,1403452.53
2025-02-05,BUY,LOC,star_loc_buy,27.7,50658,0.0,27.9854,18462021.26,1403452.53
2025-02-06,SELL,LOC,quarter_loc_sell,27.69,137887,-48182.46,27.9854,22272667.01,1403452.53
2025-02-07,BUY,LOC,avg_loc_buy,26.33,26647,0.0,27.8853,21570946.26,1403452.53
2025-02-07,BUY,LOC,star_loc_buy,26.33,26647,0.0,27.7965,20869225.51,1403452.53
2025-02-10,BUY,LOC,avg_loc_buy,27.35,25653,0.0,27.7733,20167510.72,1403452.53
2025-02-10,BUY,LOC,star_loc_buy,27.35,25653,0.0,27.7523,19465795.93,1403452.53
2025-02-11,BUY,LOC,star_loc_buy,27.4,51213,0.0,27.7206,18062349.24,1403452.53
2025-02-12,SELL,LOC,quarter_loc_sell,27.54,142369,-33360.12,27.7206,21975545.86,1403452.53
2025-02-13,BUY,LOC,star_loc_buy,28.47,24644,0.0,27.7615,21273825.94,1403452.53
2025-02-14,SELL,LOC,quarter_loc_sell,28.55,112937,82763.46,27.7615,24491889.8,1405521.62
2025-02-18,SELL,LOC,quarter_loc_sell,29.99,84703,183807.26,27.7615,27027179.3,1410116.8
2025-02-19,SELL,LOC,quarter_loc_sell,31.47,63527,231691.52,27.7615,29022475.56,1415909.09
2025-02-20,SELL,LOC,quarter_loc_sell,31.7,47646,184708.59,27.7615,30529908.52,1420526.8
2025-02-21,BUY,LOC,star_loc_buy,28.81,24649,0.0,27.9157,29819664.31,1420526.8
2025-02-24,BUY,LOC,avg_loc_buy,26.76,26537,0.0,27.7577,29109427.67,1420526.8
2025-02-24,BUY,LOC,star_loc_buy,26.76,26537,0.0,27.6377,28399191.03,1420526.8
2025-02-25,BUY,LOC,avg_loc_buy,25.07,28326,0.0,27.3456,27688951.69,1420526.8
2025-02-25,BUY,LOC,star_loc_buy,25.07,28326,0.0,27.1132,26978712.35,1420526.8
2025-02-26,BUY,LOC,avg_loc_buy,26.29,27012,0.0,27.0401,26268460.35,1420526.8
2025-02-26,BUY,LOC,star_loc_buy,26.29,27012,0.0,26.979,25558208.35,1420526.8
2025-02-27,BUY,LOC,avg_loc_buy,21.75,32650,0.0,26.5099,24847964.33,1420526.8
2025-02-27,BUY,LOC,star_loc_buy,21.75,32650,0.0,26.1181,24137720.31,1420526.8
2025-02-28,BUY,LOC,avg_loc_buy,22.73,31243,0.0,25.8707,23427460.39,1420526.8
2025-02-28,BUY,LOC,star_loc_buy,22.73,31243,0.0,25.657,22717200.48,1420526.8
2025-03-03,BUY,LOC,avg_loc_buy,20.51,34624,0.0,25.296,22006955.72,1420526.8
2025-03-03,BUY,LOC,star_loc_buy,20.51,34624,0.0,24.9824,21296710.96,1420526.8
2025-03-04,BUY,LOC,avg_loc_buy,20.65,34390,0.0,24.7177,20586450.93,1420526.8
2025-03-04,BUY,LOC,star_loc_buy,20.65,34390,0.0,24.4834,19876190.91,1420526.8
2025-03-05,BUY,LOC,star_loc_buy,21.95,64706,0.0,24.2357,18455681.17,1420526.8
2025-03-06,BUY,LOC,star_loc_buy,19.23,73859,0.0,23.7332,17035159.55,1420526.8
2025-03-07,BUY,LOC,star_loc_buy,20.88,68022,0.0,23.4917,15614647.15,1420526.8
2025-03-10,BUY,LOC,star_loc_buy,17.99,78950,0.0,22.9996,14194123.6,1420526.8
2025-03-11,BUY,LOC,star_loc_buy,17.41,81580,0.0,22.5267,12773602.75,1420526.8
2025-03-12,BUY,LOC,star_loc_buy,18.3,77612,0.0,22.2119,11353090.11,1420526.8
2025-03-13,BUY,LOC,star_loc_buy,18.09,78513,0.0,21.923,9932576.89,1420526.8
2025-03-14,SELL,LOC,quarter_loc_sell,19.8,280098,-605472.61,21.923,15467702.71,1420526.8
2025-03-17,SELL,LOC,quarter_loc_sell,20.79,210073,-246536.65,21.923,19826603.91,1420526.8
2025-03-18,BUY,LOC,avg_loc_buy,19.93,35632,0.0,21.8164,19116351.63,1420526.8
2025-03-18,BUY,LOC,star_loc_buy,19.93,35632,0.0,21.7206,18406099.35,1420526.8
2025-03-19,BUY,LOC,star_loc_buy,20.38,69691,0.0,21.5994,16985583.73,1420526.8
2025-03-20,BUY,LOC,star_loc_buy,19.93,71265,0.0,21.4582,15565059.23,1420526.8
2025-03-21,BUY,LOC,star_loc_buy,19.28,73667,0.0,21.283,14144546.42,1420526.8
2025-03-24,SELL,LOC,quarter_loc_sell,21.0,229027,-74202.5,21.283,18944734.77,1420526.8
2025-03-25,BUY,LOC,star_loc_buy,20.55,69115,0.0,21.216,17524208.47,1420526.8
2025-03-26,BUY,LOC,star_loc_buy,18.79,75588,0.0,20.9956,16103696.91,1420526.8
2025-03-27,BUY,LOC,star_loc_buy,17.76,79972,0.0,20.7118,14683181.14,1420526.8
2025-03-28,BUY,LOC,star_loc_buy,16.03,88603,0.0,20.2971,13262662.01,1420526.8
2025-03-31,BUY,LOC,star_loc_buy,15.95,89047,0.0,19.9418,11842149.31,1420526.8
2025-04-01,BUY,LOC,star_loc_buy,15.95,89047,0.0,19.6402,10421636.62,1420526.8
2025-04-02,BUY,LOC,star_loc_buy,16.26,87350,0.0,19.4069,9001112.57,1420526.8
2025-04-03,BUY,LOC,star_loc_buy,11.41,124479,0.0,18.6909,7580594.13,1420526.8
2025-04-04,BUY,LOC,star_loc_buy,8.73,162693,0.0,17.6474,6160071.2,1420526.8
2025-04-07,SELL,MOC,quarter_moc_sell,9.15,388244,-3305979.64,17.6474,9705576.55,1420526.8
2025-04-07,BUY,LOC,star_loc_buy,9.15,155225,0.0,16.6481,8285054.76,1420526.8
2025-04-08,BUY,LOC,star_loc_buy,8.25,172159,0.0,15.6791,6864529.96,1420526.8
2025-04-09,SELL,LOC,quarter_loc_sell,12.77,373029,-1094477.52,15.6791,11618821.31,1420526.8
2025-04-10,BUY,LOC,star_loc_buy,9.63,147488,0.0,14.9747,10198298.82,1420526.8
2025-04-11,BUY,LOC,star_loc_buy,10.23,138838,0.0,14.506,8777773.04,1420526.8
2025-04-14,BUY,LOC,star_loc_buy,10.47,135655,0.0,14.1507,7357252.14,1420526.8
2025-04-15,BUY,LOC,star_loc_buy,10.6,133991,0.0,13.8667,5936734.49,1420526.8
2025-04-16,BUY,LOC,star_loc_buy,9.34,152067,0.0,13.49,4516215.67,1420526.8
2025-04-17,BUY,LOC,star_loc_buy,9.2,154381,0.0,13.1557,3095697.42,1420526.8
2025-04-21,BUY,LOC,star_loc_buy,8.71,163067,0.0,12.8177,1675170.8,1420526.8
2025-04-22,SELL,MOC,quarter_moc_sell,9.18,536143,-1959914.79,12.8177,6587366.05,1420526.8
2025-04-22,BUY,LOC,star_loc_buy,9.18,154718,0.0,12.4985,5166841.76,1420526.8
2025-04-23,SELL,LOC,quarter_loc_sell,10.29,440787,-982310.0,12.4985,9693695.38,1420526.8
2025-04-24,SELL,LOC,quarter_loc_sell,12.0,330590,-172525.4,12.4985,13653039.57,1420526.8
2025-04-25,SELL,LOC,quarter_loc_sell,12.34,247943,-45258.08,12.4985,16706689.94,1420526.8
2025-04-25,BUY,LOC,avg_loc_buy,12.34,57549,0.0,12.4871,15996428.76,1420526.8
2025-04-28,SELL,LOC,quarter_loc_sell,12.29,200344,-44287.34,12.4871,18453855.17,1420526.8
2025-04-28,BUY,LOC,avg_loc_buy,12.29,57783,0.0,12.4698,17743595.58,1420526.8
2025-04-29,BUY,LOC,avg_loc_buy,11.86,59878,0.0,12.419,17033335.98,1420526.8
2025-04-29,BUY,LOC,star_loc_buy,11.86,59878,0.0,12.376,16323076.38,1420526.8
2025-04-30,BUY,LOC,avg_loc_buy,12.16,58401,0.0,12.3609,15612813.69,1420526.8
2025-04-30,BUY,LOC,star_loc_buy,12.16,58401,0.0,12.3478,14902551.01,1420526.8
2025-05-01,BUY,LOC,avg_loc_buy,12.1,58690,0.0,12.3326,14192295.49,1420526.8
2025-05-01,BUY,LOC,star_loc_buy,12.1,58690,0.0,12.3191,13482039.96,1420526.8
2025-05-02,SELL,LOC,quarter_loc_sell,13.29,253188,239257.32,12.3191,16840346.99,1426508.23
2025-05-05,BUY,LOC,star_loc_buy,13.05,54647,0.0,12.3682,16127096.67,1426508.23
2025-05-06,BUY,LOC,star_loc_buy,12.64,56419,0.0,12.3858,15413853.54,1426508.23
2025-05-07,SELL,LOC,quarter_loc_sell,13.28,217658,188998.47,12.3858,18298715.31,1431233.2
2025-05-08,SELL,LOC,quarter_loc_sell,13.66,163243,203659.79,12.3858,20524266.38,1436324.69
2025-05-09,SELL,LOC,quarter_loc_sell,14.11,122433,207733.2,12.3858,22248427.33,1441518.02
2025-05-12,SELL,LOC,quarter_loc_sell,17.13,91824,432566.35,12.3858,23818305.21,1452332.18
2025-05-12,SELL,LIMIT,target_sell,14.86,275475,673604.33,0.0,27903881.27,1469172.29
2025-05-13,BUY,LOC,avg_loc_buy,18.6,39487,0.0,18.6,27169312.9,1469172.29
2025-05-13,BUY,LOC,star_loc_buy,18.6,39487,0.0,18.6,26434744.53,1469172.29
2025-05-14,BUY,LOC,star_loc_buy,18.84,38984,0.0,18.6793,25700175.8,1469172.29
2025-05-15,BUY,LOC,avg_loc_buy,18.47,39765,0.0,18.6265,24965606.08,1469172.29
2025-05-15,BUY,LOC,star_loc_buy,18.47,39765,0.0,18.595,24231036.36,1469172.29
2025-05-16,BUY,LOC,avg_loc_buy,18.39,39938,0.0,18.5605,23496466.38,1469172.29
2025-05-16,BUY,LOC,star_loc_buy,18.39,39938,0.0,18.536,22761896.39,1469172.29
2025-05-19,BUY,LOC,avg_loc_buy,18.06,40668,0.0,18.4751,22027322.14,1469172.29
2025-05-19,BUY,LOC,star_loc_buy,18.06,40668,0.0,18.4281,21292747.89,1469172.29
2025-05-20,BUY,LOC,avg_loc_buy,17.97,40872,0.0,18.3812,20558167.88,1469172.29
2025-05-20,BUY,LOC,star_loc_buy,17.97,40872,0.0,18.343,19823587.87,1469172.29
2025-05-21,BUY,LOC,avg_loc_buy,17.0,43204,0.0,18.2231,19089009.7,1469172.29
2025-05-21,BUY,LOC,star_loc_buy,17.0,43204,0.0,18.1228,18354431.53,1469172.29
2025-05-22,BUY,LOC,avg_loc_buy,16.51,44486,0.0,17.9972,17619857.5,1469172.29
2025-05-22,BUY,LOC,star_loc_buy,16.51,44486,0.0,17.8898,16885283.47,1469172.29
2025-05-23,BUY,LOC,avg_loc_buy,15.73,46692,0.0,17.7375,16150708.14,1469172.29
2025-05-23,BUY,LOC,star_loc_buy,15.73,46692,0.0,17.6054,15416132.81,1469172.29
2025-05-27,BUY,LOC,avg_loc_buy,17.29,42479,0.0,17.5876,14681560.73,1469172.29
2025-05-27,BUY,LOC,star_loc_buy,17.29,42479,0.0,17.5716,13946988.65,1469172.29
2025-05-28,BUY,LOC,avg_loc_buy,17.04,43103,0.0,17.5443,13212403.36,1469172.29
2025-05-28,BUY,LOC,star_loc_buy,17.04,43103,0.0,17.5196,12477818.07,1469172.29
2025-05-29,BUY,LOC,star_loc_buy,17.2,85404,0.0,17.4913,11008648.92,1469172.29
2025-05-30,BUY,LOC,star_loc_buy,16.17,90844,0.0,17.3777,9539481.1,1469172.29
2025-06-02,SELL,LOC,quarter_loc_sell,16.9,264155,-134897.21,17.3777,13994995.37,1469172.29
2025-06-03,SELL,LOC,quarter_loc_sell,18.3,198116,175648.76,17.3777,17613448.4,1473563.51
2025-06-04,SELL,LOC,quarter_loc_sell,19.09,148587,248891.41,17.3777,20444443.01,1479785.79
2025-06-05,BUY,LOC,star_loc_buy,18.81,39329,0.0,17.4938,19704553.55,1479785.79
2025-06-06,SELL,LOC,quarter_loc_sell,19.18,121272,199948.02,17.4938,22026014.82,1484784.49
2025-06-09,SELL,LOC,quarter_loc_sell,20.58,90954,277048.31,17.4938,23894198.06,1491710.7
2025-06-09,SELL,LIMIT,target_sell,20.99,272865,942810.56,0.0,29610465.91,1515280.96
2025-06-10,BUY,LOC,avg_loc_buy,21.89,34606,0.0,21.89,28852826.94,1515280.96
2025-06-10,BUY,LOC,star_loc_buy,21.89,34606,0.0,21.89,28095187.97,1515280.96
2025-06-11,BUY,LOC,avg_loc_buy,21.64,35005,0.0,21.806,27337566.15,1515280.96
2025-06-11,BUY,LOC,star_loc_buy,21.64,35005,0.0,21.7643,26579944.32,1515280.96
2025-06-12,BUY,LOC,avg_loc_buy,21.69,34925,0.0,21.7494,25822307.44,1515280.96
2025-06-12,BUY,LOC,star_loc_buy,21.69,34925,0.0,21.7395,25064670.56,1515280.96
2025-06-13,BUY,LOC,avg_loc_buy,20.04,37800,0.0,21.4793,24307044.94,1515280.96
2025-06-13,BUY,LOC,star_loc_buy,20.04,37800,0.0,21.2881,23549419.31,1515280.96
2025-06-16,BUY,LOC,star_loc_buy,21.9,34590,0.0,21.3544,22791784.68,1515280.96
2025-06-17,BUY,LOC,star_loc_buy,21.42,35365,0.0,21.361,22034152.76,1515280.96
2025-06-18,BUY,LOC,star_loc_buy,21.61,35054,0.0,21.3834,21276522.19,1515280.96
2025-06-20,BUY,LOC,avg_loc_buy,21.21,35715,0.0,21.3688,20518893.41,1515280.96
2025-06-20,BUY,LOC,star_loc_buy,21.21,35715,0.0,21.3565,19761264.63,1515280.96
2025-06-23,BUY,LOC,star_loc_buy,21.58,35103,0.0,21.3723,19003628.26,1515280.96
2025-06-24,SELL,LOC,quarter_loc_sell,23.95,124053,313974.74,21.3723,21968904.03,1523130.33
2025-06-25,SELL,LOC,quarter_loc_sell,24.58,93040,293982.59,21.3723,24251367.73,1530479.9
2025-06-26,SELL,LOC,quarter_loc_sell,25.2,69780,263666.17,21.3723,26006394.74,1537071.55
2025-06-27,SELL,LOC,quarter_loc_sell,25.11,52335,193048.67,21.3723,27317964.03,1541897.77
2025-06-27,SELL,LIMIT,target_sell,25.65,157006,663767.6,0.0,31337314.89,1558491.96
2025-06-30,BUY,LOC,avg_loc_buy,25.11,31028,0.0,25.11,30558084.94,1558491.96
2025-06-30,BUY,LOC,star_loc_buy,25.11,31028,0.0,25.11,29778854.99,1558491.96
2025-07-01,BUY,LOC,avg_loc_buy,24.71,31530,0.0,24.9752,28999631.83,1558491.96
2025-07-01,BUY,LOC,star_loc_buy,24.71,31530,0.0,24.9084,28220408.66,1558491.96
2025-07-02,BUY,LOC,star_loc_buy,26.05,29908,0.0,25.1286,27441188.39,1558491.96
2025-07-03,BUY,LOC,star_loc_buy,26.43,29478,0.0,25.3366,26661967.99,1558491.96
2025-07-07,BUY,LOC,avg_loc_buy,24.97,31202,0.0,25.2835,25882737.18,1558491.96
2025-07-07,BUY,LOC,star_loc_buy,24.97,31202,0.0,25.2439,25103506.37,1558491.96
2025-07-08,BUY,LOC,star_loc_buy,26.37,29546,0.0,25.3643,24324261.49,1558491.96
2025-07-09,BUY,LOC,star_loc_buy,26.65,29235,0.0,25.4872,23545031.87,1558491.96
2025-07-10,BUY,LOC,star_loc_buy,27.37,28466,0.0,25.6476,22765800.58,1558491.96
2025-07-11,BUY,LOC,star_loc_buy,27.29,28549,0.0,25.7769,21986581.51,1558491.96
2025-07-14,BUY,LOC,star_loc_buy,26.5,29401,0.0,25.8311,21207338.14,1558491.96
2025-07-15,BUY,LOC,star_loc_buy,27.29,28549,0.0,25.9301,20428119.06,1558491.96
2025-07-16,BUY,LOC,star_loc_buy,27.03,28824,0.0,26.0007,19648889.47,1558491.96
2025-07-17,SELL,LOC,quarter_loc_sell,27.32,112369,142266.63,26.0007,22712824.21,1562048.62
2025-07-18,BUY,LOC,star_loc_buy,27.33,28573,0.0,26.1045,21931806.98,1562048.62
2025-07-21,BUY,LOC,star_loc_buy,27.5,28396,0.0,26.2051,21150799.85,1562048.62
2025-07-22,BUY,LOC,star_loc_buy,26.32,29669,0.0,26.2131,20369794.64,1562048.62
2025-07-23,BUY,LOC,avg_loc_buy,25.78,30291,0.0,26.1842,19588775.52,1562048.62
2025-07-23,BUY,LOC,star_loc_buy,25.78,30291,0.0,26.159,18807756.41,1562048.62
2025-07-24,BUY,LOC,avg_loc_buy,25.62,30480,0.0,26.127,18026741.67,1562048.62
2025-07-24,BUY,LOC,star_loc_buy,25.62,30480,0.0,26.0987,17245726.94,1562048.62
2025-07-25,BUY,LOC,avg_loc_buy,25.6,30504,0.0,26.0723,16464707.4,1562048.62
2025-07-25,BUY,LOC,star_loc_buy,25.6,30504,0.0,26.0485,15683687.87,1562048.62
2025-07-28,SELL,LOC,quarter_loc_sell,26.88,151573,118085.32,26.0485,19750025.26,1565000.76
2025-07-29,BUY,LOC,star_loc_buy,27.03,28944,0.0,26.1073,18967551.58,1565000.76
2025-07-30,SELL,LOC,quarter_loc_sell,27.61,120916,175196.09,26.1073,22299532.29,1569380.66
2025-07-31,BUY,LOC,avg_loc_buy,24.98,31408,0.0,26.0174,21514842.76,1569380.66
2025-07-31,BUY,LOC,star_loc_buy,24.98,31408,0.0,25.9409,20730153.23,1569380.66
2025-08-01,BUY,LOC,avg_loc_buy,24.08,32581,0.0,25.8085,19945485.07,1569380.66
2025-08-01,BUY,LOC,star_loc_buy,24.08,32581,0.0,25.6938,19160816.91,1569380.66
2025-08-04,BUY,LOC,avg_loc_buy,25.0,31382,0.0,25.6521,18376149.23,1569380.66
2025-08-04,BUY,LOC,star_loc_buy,25.0,31382,0.0,25.6151,17591481.54,1569380.66
2025-08-05,BUY,LOC,avg_loc_buy,24.52,31997,0.0,25.5552,16806797.42,1569380.66
2025-08-05,BUY,LOC,star_loc_buy,24.52,31997,0.0,25.5016,16022113.29,1569380.66
2025-08-06,BUY,LOC,star_loc_buy,23.99,65408,0.0,25.3568,14452740.0,1569380.66
2025-08-07,SELL,LOC,quarter_loc_sell,25.0,170723,-69240.44,25.3568,18712492.26,1569380.66
2025-08-08,BUY,LOC,star_loc_buy,25.71,30516,0.0,25.3767,17927808.21,1569380.66
2025-08-11,BUY,LOC,star_loc_buy,25.61,30635,0.0,25.3891,17143128.18,1569380.66
2025-08-12,SELL,LOC,quarter_loc_sell,28.0,143330,366387.5,25.3891,21148542.36,1578540.35
2025-08-13,SELL,LOC,quarter_loc_sell,29.27,107498,411048.14,25.3891,24288873.21,1588816.55
2025-08-14,SELL,LOC,quarter_loc_sell,29.42,80623,320354.06,25.3891,26656176.61,1596825.4
2025-08-15,BUY,LOC,star_loc_buy,27.37,29166,0.0,25.6023,25857783.45,1596825.4
2025-08-18,BUY,LOC,star_loc_buy,27.53,28997,0.0,25.7886,25059376.3,1596825.4
2025-08-19,BUY,LOC,star_loc_buy,26.24,30422,0.0,25.8302,24260983.27,1596825.4
2025-08-20,BUY,LOC,avg_loc_buy,25.8,30941,0.0,25.8276,23462585.73,1596825.4
2025-08-20,BUY,LOC,star_loc_buy,25.8,30941,0.0,25.8254,22664188.19,1596825.4
2025-08-21,BUY,LOC,avg_loc_buy,25.35,31490,0.0,25.7901,21865796.95,1596825.4
2025-08-21,BUY,LOC,star_loc_buy,25.35,31490,0.0,25.7596,21067405.71,1596825.4
2025-08-22,SELL,LOC,quarter_loc_sell,27.45,113829,186318.07,25.7596,24185918.78,1601483.35
2025-08-25,BUY,LOC,star_loc_buy,27.3,29326,0.0,25.8815,23385198.89,1601483.35
2025-08-26,BUY,LOC,star_loc_buy,27.94,28655,0.0,26.0291,22584458.09,1601483.35
2025-08-27,SELL,LOC,quarter_loc_sell,28.18,99867,209313.03,26.0291,25393222.36,1606716.18
2025-08-28,BUY,LOC,star_loc_buy,28.53,28154,0.0,26.244,24589868.26,1606716.18
2025-08-29,BUY,LOC,avg_loc_buy,26.04,30846,0.0,26.2264,23786517.93,1606716.18
2025-08-29,BUY,LOC,star_loc_buy,26.04,30846,0.0,26.2116,22983167.61,1606716.18
2025-09-02,BUY,LOC,avg_loc_buy,25.25,31811,0.0,26.139,22179819.37,1606716.18
2025-09-02,BUY,LOC,star_loc_buy,25.25,31811,0.0,26.0766,21376471.14,1606716.18
2025-09-03,BUY,LOC,avg_loc_buy,24.91,32245,0.0,25.9991,20573127.71,1606716.18
2025-09-03,BUY,LOC,star_loc_buy,24.91,32245,0.0,25.9312,19769784.27,1606716.18
2025-09-04,BUY,LOC,avg_loc_buy,25.65,31315,0.0,25.9152,18966434.04,1606716.18
2025-09-04,BUY,LOC,star_loc_buy,25.65,31315,0.0,25.9009,18163083.8,1606716.18
2025-09-05,SELL,LOC,quarter_loc_sell,26.45,145047,72166.42,25.9009,21992095.79,1608520.34
2025-09-08,BUY,LOC,star_loc_buy,27.08,29694,0.0,25.9762,21187861.66,1608520.34
2025-09-09,BUY,LOC,star_loc_buy,27.18,29585,0.0,26.0482,20383620.74,1608520.34
2025-09-10,SELL,LOC,quarter_loc_sell,28.6,123605,308517.03,26.0482,23911830.29,1616233.27
2025-09-11,SELL,LOC,quarter_loc_sell,29.17,92704,284126.64,26.0482,26610732.82,1623336.43
2025-09-12,SELL,LOC,quarter_loc_sell,29.3,69528,222115.99,26.0482,28643930.74,1628889.33
2025-09-15,SELL,LOC,quarter_loc_sell,30.0,52146,203018.01,26.0482,30205260.2,1633964.78
2025-09-16,SELL,LOC,quarter_loc_sell,30.48,39110,171001.65,26.0482,31395008.46,1638239.82
2025-09-17,SELL,LOC,quarter_loc_sell,30.47,29332,127956.3,26.0482,32287011.69,1641438.73
2025-09-18,SELL,LOC,quarter_loc_sell,33.64,21999,165568.07,26.0482,33025614.96,1645577.93
2025-09-18,SELL,LIMIT,target_sell,31.26,65999,339947.95,0.0,35084720.6,1654076.63
2025-09-19,BUY,LOC,avg_loc_buy,33.02,25042,0.0,33.02,34257709.73,1654076.63
2025-09-19,BUY,LOC,star_loc_buy,33.02,25042,0.0,33.02,33430698.86,1654076.63
2025-09-22,BUY,LOC,star_loc_buy,34.43,24017,0.0,33.477,32603669.51,1654076.63
2025-09-23,BUY,LOC,star_loc_buy,34.3,24108,0.0,33.679,31776641.08,1654076.63
2025-09-24,BUY,LOC,star_loc_buy,34.2,24178,0.0,33.7819,30949629.44,1654076.63
2025-09-25,BUY,LOC,star_loc_buy,33.85,24428,0.0,33.7933,30122617.61,1654076.63
2025-09-26,BUY,LOC,star_loc_buy,34.02,24306,0.0,33.8255,29295603.46,1654076.63
2025-09-29,BUY,LOC,star_loc_buy,34.02,24306,0.0,33.8497,28468589.3,1654076.63
2025-09-30,BUY,LOC,star_loc_buy,34.84,23734,0.0,33.9569,27641572.71,1654076.63
2025-10-01,BUY,LOC,star_loc_buy,36.86,22433,0.0,34.2265,26814568.3,1654076.63
2025-10-02,SELL,LOC,quarter_loc_sell,39.08,60398,288540.27,34.2265,29170319.45,1661290.14
2025-10-03,BUY,LOC,star_loc_buy,38.23,21724,0.0,34.6551,28339686.35,1661290.14
2025-10-06,SELL,LOC,quarter_loc_sell,41.71,50730,353769.8,34.6551,30451508.55,1670134.38
2025-10-06,SELL,LIMIT,target_sell,41.59,152190,1043082.21,0.0,36768747.97,1696211.44
2025-10-07,BUY,LOC,avg_loc_buy,38.83,21838,0.0,38.83,35920651.23,1696211.44
2025-10-07,BUY,LOC,star_loc_buy,38.83,21838,0.0,38.83,35072554.49,1696211.44
2025-10-08,BUY,LOC,star_loc_buy,42.78,19821,0.0,40.063,34224484.92,1696211.44
2025-10-09,BUY,LOC,star_loc_buy,42.24,20075,0.0,40.586,33376389.73,1696211.44
2025-10-10,BUY,LOC,avg_loc_buy,34.21,24787,0.0,39.1275,32528299.26,1696211.44
2025-10-10,BUY,LOC,star_loc_buy,34.21,24787,0.0,38.212,31680208.8,1696211.44
2025-10-13,BUY,LOC,star_loc_buy,39.14,21665,0.0,38.3419,30832113.5,1696211.44
2025-10-14,BUY,LOC,avg_loc_buy,36.63,23149,0.0,38.1192,29984038.44,1696211.44
2025-10-14,BUY,LOC,star_loc_buy,36.63,23149,0.0,37.9478,29135963.38,1696211.44
2025-10-15,BUY,LOC,star_loc_buy,39.98,21210,0.0,38.1417,28287860.38,1696211.44
2025-10-16,BUY,LOC,star_loc_buy,40.57,20901,0.0,38.3503,27439779.62,1696211.44
2025-10-17,BUY,LOC,star_loc_buy,40.29,21046,0.0,38.5048,26591709.09,1696211.44
2025-10-20,SELL,LOC,quarter_loc_sell,42.24,66066,241327.23,38.5048,29376895.2,1702244.62
2025-10-21,BUY,LOC,star_loc_buy,41.51,20500,0.0,38.7865,28525812.56,1702244.62
2025-10-22,BUY,LOC,avg_loc_buy,38.39,22167,0.0,38.75,27674693.78,1702244.62
2025-10-22,BUY,LOC,star_loc_buy,38.39,22167,0.0,38.7197,26823575.0,1702244.62
2025-10-23,BUY,LOC,star_loc_buy,41.17,20670,0.0,38.8982,25972463.46,1702244.62
2025-10-24,SELL,LOC,quarter_loc_sell,43.14,70926,294887.43,38.8982,29026244.59,1709616.8
2025-10-27,SELL,LOC,quarter_loc_sell,46.84,53194,417597.5,38.8982,31512992.91,1720056.74
2025-10-27,SELL,LIMIT,target_sell,46.68,159584,1227324.54,0.0,38947847.74,1750739.85
2025-10-28,BUY,LOC,avg_loc_buy,46.96,18637,0.0,46.96,38072522.94,1750739.85
2025-10-28,BUY,LOC,star_loc_buy,46.96,18637,0.0,46.96,37197198.14,1750739.85
2025-10-29,BUY,LOC,star_loc_buy,49.38,17724,0.0,47.7399,36321855.74,1750739.85
2025-10-30,BUY,LOC,avg_loc_buy,47.39,18468,0.0,47.6519,35446525.94,1750739.85
2025-10-30,BUY,LOC,star_loc_buy,47.39,18468,0.0,47.5993,34571196.14,1750739.85
2025-10-31,BUY,LOC,star_loc_buy,47.78,18318,0.0,47.6293,33695830.82,1750739.85
2025-11-03,BUY,LOC,star_loc_buy,48.58,18016,0.0,47.7629,32820482.25,1750739.85
2025-11-04,BUY,LOC,avg_loc_buy,42.8,20449,0.0,47.0805,31945133.77,1750739.85
2025-11-04,BUY,LOC,star_loc_buy,42.8,20449,0.0,46.563,31069785.29,1750739.85
2025-11-05,BUY,LOC,star_loc_buy,46.83,18689,0.0,46.5896,30194448.14,1750739.85
2025-11-06,BUY,LOC,avg_loc_buy,43.01,20349,0.0,46.2397,29319106.37,1750739.85
2025-11-06,BUY,LOC,star_loc_buy,43.01,20349,0.0,45.9522,28443764.6,1750739.85
2025-11-07,BUY,LOC,avg_loc_buy,41.74,20968,0.0,45.5982,27568428.99,1750739.85
2025-11-07,BUY,LOC,star_loc_buy,41.74,20968,0.0,45.2991,26693093.39,1750739.85
2025-11-10,BUY,LOC,avg_loc_buy,44.96,19467,0.0,45.2764,25817725.79,1750739.85
2025-11-10,BUY,LOC,star_loc_buy,44.96,19467,0.0,45.2565,24942358.18,1750739.85
2025-11-11,BUY,LOC,avg_loc_buy,41.81,20933,0.0,45.0381,24067018.17,1750739.85
2025-11-11,BUY,LOC,star_loc_buy,41.81,20933,0.0,44.8457,23191678.16,1750739.85
2025-11-12,BUY,LOC,avg_loc_buy,43.71,20023,0.0,44.7845,22316341.55,1750739.85
2025-11-12,BUY,LOC,star_loc_buy,43.71,20023,0.0,44.7295,21441004.94,1750739.85
2025-11-13,BUY,LOC,star_loc_buy,39.22,44632,0.0,44.1655,19690275.33,1750739.85
2025-11-14,BUY,LOC,star_loc_buy,38.86,45045,0.0,43.6686,17939564.06,1750739.85
2025-11-17,BUY,LOC,star_loc_buy,36.84,47515,0.0,43.0547,16188848.89,1750739.85
2025-11-18,BUY,LOC,star_loc_buy,34.35,50960,0.0,42.2892,14438110.32,1750739.85
2025-11-19,BUY,LOC,star_loc_buy,35.96,48678,0.0,41.7988,12687386.87,1750739.85
2025-11-20,BUY,LOC,star_loc_buy,30.81,56815,0.0,40.8873,10936654.15,1750739.85
2025-11-21,BUY,LOC,star_loc_buy,31.73,55167,0.0,40.2048,9185942.68,1750739.85
2025-11-24,SELL,LOC,quarter_loc_sell,35.86,185036,-816878.26,40.2048,15808394.62,1750739.85
2025-11-25,BUY,LOC,star_loc_buy,36.17,48395,0.0,39.8812,14057684.91,1750739.85
2025-11-26,SELL,LOC,quarter_loc_sell,39.19,150876,-115819.24,39.8812,19958985.33,1750739.85
2025-11-28,SELL,LOC,quarter_loc_sell,41.26,113157,146913.8,39.8812,24618738.87,1754412.7
2025-12-01,BUY,LOC,star_loc_buy,41.31,21231,0.0,39.9653,23741554.71,1754412.7
2025-12-02,SELL,LOC,quarter_loc_sell,43.8,90176,338093.97,39.9653,27683561.57,1762865.05
2025-12-03,SELL,LOC,quarter_loc_sell,46.58,67632,441220.8,39.9653,30827717.05,1773895.57
2025-12-04,SELL,LOC,quarter_loc_sell,45.16,50724,259027.98,39.9653,33113946.03,1780371.27
2025-12-05,SELL,LOC,quarter_loc_sell,46.5,38043,245149.2,39.9653,34879495.99,1786500.0
2025-12-05,SELL,LIMIT,target_sell,47.96,114129,901751.0,0.0,40342449.25,1809043.77
2025-12-08,BUY,LOC,avg_loc_buy,47.99,18845,0.0,47.99,39437942.05,1809043.77
2025-12-08,BUY,LOC,star_loc_buy,47.99,18845,0.0,47.99,38533434.84,1809043.77
2025-12-09,BUY,LOC,avg_loc_buy,47.79,18924,0.0,47.9231,37628921.23,1809043.77
2025-12-09,BUY,LOC,star_loc_buy,47.79,18924,0.0,47.8898,36724407.61,1809043.77
2025-12-10,BUY,LOC,star_loc_buy,49.65,18215,0.0,48.2318,35819897.2,1809043.77
2025-12-11,BUY,LOC,star_loc_buy,48.79,18536,0.0,48.3239,34915390.11,1809043.77
2025-12-12,BUY,LOC,avg_loc_buy,41.71,21682,0.0,47.2535,34010898.23,1809043.77
2025-12-12,BUY,LOC,star_loc_buy,41.71,21682,0.0,46.4813,33106406.36,1809043.77
2025-12-15,BUY,LOC,avg_loc_buy,41.18,21961,0.0,45.8258,32201916.73,1809043.77
2025-12-15,BUY,LOC,star_loc_buy,41.18,21961,0.0,45.3146,31297427.09,1809043.77
2025-12-16,BUY,LOC,avg_loc_buy,40.49,22336,0.0,44.829,30392906.8,1809043.77
2025-12-16,BUY,LOC,star_loc_buy,40.49,22336,0.0,44.4322,29488386.5,1809043.77
2025-12-17,BUY,LOC,avg_loc_buy,36.01,25114,0.0,43.647,28583895.71,1809043.77
2025-12-17,BUY,LOC,star_loc_buy,36.01,25114,0.0,42.9957,27679404.91,1809043.77
2025-12-18,BUY,LOC,avg_loc_buy,38.58,23441,0.0,42.6701,26774915.48,1809043.77
2025-12-18,BUY,LOC,star_loc_buy,38.58,23441,0.0,42.3892,25870426.05,1809043.77
2025-12-19,BUY,LOC,avg_loc_buy,41.72,21677,0.0,42.3492,24965925.95,1809043.77
2025-12-19,BUY,LOC,star_loc_buy,41.72,21677,0.0,42.3138,24061425.86,1809043.77
2025-12-22,SELL,LOC,quarter_loc_sell,43.26,96177,82890.15,42.3138,28213929.67,1811116.03
2025-12-23,BUY,LOC,star_loc_buy,43.7,20719,0.0,42.4067,27308373.56,1811116.03
2025-12-24,BUY,LOC,star_loc_buy,44.21,20480,0.0,42.5187,26402816.95,1811116.03
2025-12-26,BUY,LOC,star_loc_buy,44.21,20480,0.0,42.6176,25497260.33,1811116.03
2025-12-29,BUY,LOC,star_loc_buy,43.82,20662,0.0,42.6846,24591715.68,1811116.03
2025-12-30,BUY,LOC,star_loc_buy,43.67,20733,0.0,42.7367,23686169.76,1811116.03
2025-12-31,BUY,LOC,avg_loc_buy,42.03,21542,0.0,42.6999,22780623.69,1811116.03
2025-12-31,BUY,LOC,star_loc_buy,42.03,21542,0.0,42.6667,21875077.62,1811116.03
2026-01-02,SELL,LOC,quarter_loc_sell,47.24,108673,486984.45,42.6667,26998779.4,1823290.64
2026-01-05,SELL,LOC,quarter_loc_sell,49.22,81504,526298.21,42.6667,31002583.61,1836448.09
2026-01-05,SELL,LIMIT,target_sell,51.2,244515,2062109.63,0.0,43497339.23,1888000.83
2026-01-06,BUY,LOC,avg_loc_buy,54.01,17475,0.0,54.01,42553372.9,1888000.83
2026-01-06,BUY,LOC,star_loc_buy,54.01,17475,0.0,54.01,41609406.58,1888000.83
2026-01-07,BUY,LOC,avg_loc_buy,52.29,18050,0.0,53.4242,40665430.51,1888000.83
2026-01-07,BUY,LOC,star_loc_buy,52.29,18050,0.0,53.1361,39721454.43,1888000.83
2026-01-08,BUY,LOC,avg_loc_buy,49.65,19010,0.0,52.4002,38777466.35,1888000.83
2026-01-08,BUY,LOC,star_loc_buy,49.65,19010,0.0,51.9209,37833478.28,1888000.83
2026-01-09,BUY,LOC,star_loc_buy,53.95,17495,0.0,52.2014,36889481.45,1888000.83
2026-01-12,BUY,LOC,star_loc_buy,54.65,17270,0.0,52.4954,35945534.38,1888000.83
2026-01-13,BUY,LOC,star_loc_buy,56.07,16833,0.0,52.8699,35001566.49,1888000.83
2026-01-14,BUY,LOC,star_loc_buy,55.38,17043,0.0,53.1106,34057583.58,1888000.83
2026-01-15,BUY,LOC,star_loc_buy,58.08,16251,0.0,53.527,33113583.92,1888000.83
2026-01-16,SELL,LOC,quarter_loc_sell,60.75,48490,344500.52,53.527,36053607.17,1896613.35
2026-01-20,BUY,LOC,star_loc_buy,57.94,16364,0.0,53.9732,35105334.79,1896613.35
2026-01-21,SELL,LOC,quarter_loc_sell,63.48,40459,379627.71,53.9732,37668663.85,1906104.04
2026-01-21,SELL,LIMIT,target_sell,64.77,121377,1295154.14,0.0,45514922.05,1938482.89
2026-01-22,BUY,LOC,avg_loc_buy,63.72,15208,0.0,63.72,44545722.93,1938482.89
2026-01-22,BUY,LOC,star_loc_buy,63.72,15208,0.0,63.72,43576523.81,1938482.89
2026-01-23,BUY,LOC,avg_loc_buy,61.6,15732,0.0,62.9973,42607287.25,1938482.89
2026-01-23,BUY,LOC,star_loc_buy,61.6,15732,0.0,62.642,41638050.68,1938482.89
2026-01-26,BUY,LOC,avg_loc_buy,60.7,15965,0.0,62.2438,40668829.82,1938482.89
2026-01-26,BUY,LOC,star_loc_buy,60.7,15965,0.0,61.981,39699608.96,1938482.89
2026-01-27,BUY,LOC,star_loc_buy,64.96,14918,0.0,62.3898,38730390.32,1938482.89
2026-01-28,BUY,LOC,star_loc_buy,70.09,13826,0.0,63.2585,37761180.62,1938482.89
2026-01-29,BUY,LOC,star_loc_buy,70.47,13751,0.0,63.986,36792002.3,1938482.89
2026-01-30,BUY,LOC,avg_loc_buy,61.79,15683,0.0,63.7594,35822804.37,1938482.89
2026-01-30,BUY,LOC,star_loc_buy,61.79,15683,0.0,63.5752,34853606.44,1938482.89
2026-02-02,BUY,LOC,star_loc_buy,65.2,14863,0.0,63.7075,33884393.48,1938482.89
2026-02-03,BUY,LOC,avg_loc_buy,61.2,15834,0.0,63.5073,32915207.32,1938482.89
2026-02-03,BUY,LOC,star_loc_buy,61.2,15834,0.0,63.3368,31946021.17,1938482.89
2026-02-04,BUY,LOC,avg_loc_buy,53.19,18219,0.0,62.5414,30976807.2,1938482.89
2026-02-04,BUY,LOC,star_loc_buy,53.19,18219,0.0,61.8616,30007593.23,1938482.89
2026-02-05,BUY,LOC,avg_loc_buy,53.25,18198,0.0,61.2787,29038404.37,1938482.89
2026-02-05,BUY,LOC,star_loc_buy,53.25,18198,0.0,60.7697,28069215.51,1938482.89
2026-02-06,BUY,LOC,star_loc_buy,61.75,15693,0.0,60.8205,27100027.41,1938482.89
2026-02-09,SELL,LOC,quarter_loc_sell,64.03,75682,233450.92,60.8205,31936496.33,1944319.17
2026-02-10,BUY,LOC,star_loc_buy,63.34,15345,0.0,60.98,30964398.23,1944319.17
2026-02-11,SELL,LOC,quarter_loc_sell,68.05,60598,420385.92,60.98,35080050.93,1954828.81
2026-02-12,BUY,LOC,star_loc_buy,63.1,15487,0.0,61.1464,34102674.65,1954828.81
2026-02-13,BUY,LOC,star_loc_buy,64.59,15130,0.0,61.3917,33125281.36,1954828.81
2026-02-17,BUY,LOC,star_loc_buy,64.35,15186,0.0,61.5891,32147915.68,1954828.81
2026-02-18,SELL,LOC,quarter_loc_sell,66.29,56899,260121.07,61.5891,35912395.31,1961331.84
2026-02-19,BUY,LOC,star_loc_buy,65.23,15031,0.0,61.8838,34931776.11,1961331.84
2026-02-20,SELL,LOC,quarter_loc_sell,67.11,46432,236588.34,61.8838,38041751.33,1967246.55
2026-02-23,BUY,LOC,star_loc_buy,65.86,14932,0.0,62.2687,37058182.29,1967246.55
2026-02-24,BUY,LOC,star_loc_buy,68.53,14351,0.0,62.8017,36074560.74,1967246.55
2026-02-25,SELL,LOC,quarter_loc_sell,71.86,42145,375854.53,62.8017,39097194.79,1976642.91
2026-02-26,BUY,LOC,star_loc_buy,65.34,15123,0.0,63.0729,38108909.75,1976642.91
2026-02-27,BUY,LOC,avg_loc_buy,62.77,15742,0.0,63.0426,37120636.19,1976642.91
2026-02-27,BUY,LOC,star_loc_buy,62.77,15742,0.0,63.0178,36132362.63,1976642.91
2026-03-02,BUY,LOC,avg_loc_buy,62.76,15745,0.0,62.9963,35144058.21,1976642.91
2026-03-02,BUY,LOC,star_loc_buy,62.76,15745,0.0,62.9781,34155753.79,1976642.91
2026-03-03,BUY,LOC,avg_loc_buy,53.42,18498,0.0,62.1854,33167442.4,1976642.91
2026-03-03,BUY,LOC,star_loc_buy,53.42,18498,0.0,61.514,32179131.02,1976642.91
2026-03-04,BUY,LOC,avg_loc_buy,56.62,17452,0.0,61.1842,31190850.56,1976642.91
2026-03-04,BUY,LOC,star_loc_buy,56.62,17452,0.0,60.8961,30202570.1,1976642.91
2026-03-05,BUY,LOC,avg_loc_buy,54.8,18032,0.0,60.5228,29214268.27,1976642.91
2026-03-05,BUY,LOC,star_loc_buy,54.8,18032,0.0,60.1926,28225966.45,1976642.91
2026-03-06,BUY,LOC,avg_loc_buy,47.89,20634,0.0,59.4305,27237655.97,1976642.91
2026-03-06,BUY,LOC,star_loc_buy,47.89,20634,0.0,58.7574,26249345.48,1976642.91
2026-03-09,BUY,LOC,star_loc_buy,53.32,37065,0.0,58.2418,24272743.24,1976642.91
2026-03-10,BUY,LOC,star_loc_buy,54.59,36203,0.0,57.9322,22296125.02,1976642.91
2026-03-11,SELL,LOC,quarter_loc_sell,56.09,106758,-208342.63,57.9322,28272504.53,1976642.91
2026-03-12,BUY,LOC,avg_loc_buy,50.28,19653,0.0,57.4898,27284203.47,1976642.91
2026-03-12,BUY,LOC,star_loc_buy,50.28,19653,0.0,57.0957,26295902.4,1976642.91
2026-03-13,BUY,LOC,star_loc_buy,50.72,38965,0.0,56.4724,24319301.16,1976642.91
2026-03-16,BUY,LOC,star_loc_buy,53.69,36810,0.0,56.2371,22342675.81,1976642.91
2026-03-17,SELL,LOC,quarter_loc_sell,54.95,108838,-151748.43,56.2371,28311661.64,1976642.91
2026-03-18,BUY,LOC,avg_loc_buy,54.02,18292,0.0,56.1195,27323379.58,1976642.91
2026-03-18,BUY,LOC,star_loc_buy,54.02,18292,0.0,56.0137,26335097.52,1976642.91
2026-03-19,BUY,LOC,star_loc_buy,54.85,36031,0.0,55.9087,24358500.73,1976642.91
2026-03-20,BUY,LOC,star_loc_buy,51.14,38645,0.0,55.4877,22381898.98,1976642.91
2026-03-23,SELL,LOC,quarter_loc_sell,53.03,109444,-280299.46,55.4877,28174396.86,1976642.91
2026-03-24,BUY,LOC,avg_loc_buy,54.96,17979,0.0,55.4603,27186122.8,1976642.91
2026-03-24,BUY,LOC,star_loc_buy,54.96,17979,0.0,55.4356,26197848.75,1976642.91
2026-03-25,SELL,LOC,quarter_loc_sell,57.04,91072,135983.9,55.4356,31382465.87,1980042.51
2026-03-26,BUY,LOC,avg_loc_buy,48.97,20213,0.0,54.9902,30392486.78,1980042.51
2026-03-26,BUY,LOC,star_loc_buy,48.97,20213,0.0,54.6023,29402507.7,1980042.51
2026-03-27,BUY,LOC,avg_loc_buy,46.61,21237,0.0,54.0954,28412502.65,1980042.51
2026-03-27,BUY,LOC,star_loc_buy,46.61,21237,0.0,53.649,27422497.6,1980042.51
2026-03-30,BUY,LOC,avg_loc_buy,40.62,24369,0.0,52.8146,26432480.34,1980042.51
2026-03-30,BUY,LOC,star_loc_buy,40.62,24369,0.0,52.0806,25442463.08,1980042.51
2026-03-31,BUY,LOC,star_loc_buy,47.91,41322,0.0,51.6943,23462429.1,1980042.51
2026-04-01,SELL,LOC,quarter_loc_sell,52.26,111544,51732.37,51.6943,29280351.43,1981335.82
2026-04-02,BUY,LOC,star_loc_buy,52.75,18777,0.0,51.7504,28289716.1,1981335.82
2026-04-06,SELL,LOC,quarter_loc_sell,54.81,88353,260881.88,51.7504,33122900.91,1987857.87
2026-04-07,SELL,LOC,quarter_loc_sell,56.55,66264,310733.72,51.7504,36862823.01,1995626.21
2026-04-08,SELL,LOC,quarter_loc_sell,67.5,49698,776182.21,51.7504,40210896.51,2015030.77
2026-04-08,SELL,LIMIT,target_sell,62.1,149097,1525039.69,0.0,49451765.31,2053156.76
2026-04-09,BUY,LOC,avg_loc_buy,71.98,14259,0.0,71.98,48425248.54,2053156.76
2026-04-09,BUY,LOC,star_loc_buy,71.98,14259,0.0,71.98,47398731.76,2053156.76
2026-04-10,BUY,LOC,star_loc_buy,76.39,13436,0.0,73.3923,46372201.77,2053156.76
2026-04-13,BUY,LOC,star_loc_buy,80.56,12741,0.0,75.062,45345632.84,2053156.76
2026-04-14,BUY,LOC,star_loc_buy,85.31,12031,0.0,76.9098,44319114.28,2053156.76
2026-04-15,BUY,LOC,star_loc_buy,85.96,11940,0.0,78.2834,43292597.93,2053156.76
2026-04-16,BUY,LOC,star_loc_buy,88.37,11615,0.0,79.5811,42266026.41,2053156.76
2026-04-17,SELL,LOC,quarter_loc_sell,94.68,22570,336615.19,79.5811,44398787.0,2061572.14
2026-04-20,SELL,LOC,quarter_loc_sell,95.94,16927,273740.36,79.5811,46019596.63,2068415.65
2026-04-20,SELL,LIMIT,target_sell,95.5,50784,798968.22,0.0,50860011.38,2088389.85
2026-04-21,BUY,LOC,avg_loc_buy,98.09,10643,0.0,98.09,49815882.91,2088389.85
2026-04-21,BUY,LOC,star_loc_buy,98.09,10643,0.0,98.09,48771754.45,2088389.85
2026-04-22,BUY,LOC,star_loc_buy,105.64,9882,0.0,100.4838,47727663.38,2088389.85
2026-04-23,BUY,LOC,star_loc_buy,112.77,9258,0.0,103.2975,46683482.11,2088389.85
2026-04-24,SELL,LOC,quarter_loc_sell,128.32,10106,250349.08,103.2975,47977755.27,2094648.58
2026-04-24,SELL,LIMIT,target_sell,123.96,30320,619159.38,0.0,51728893.46,2110127.56
2026-04-27,BUY,LOC,avg_loc_buy,123.39,8549,0.0,123.39,50673874.12,2110127.56
2026-04-27,BUY,LOC,star_loc_buy,123.39,8549,0.0,123.39,49618854.78,2110127.56
2026-04-28,BUY,LOC,avg_loc_buy,109.56,9628,0.0,118.4078,48563852.87,2110127.56
2026-04-28,BUY,LOC,star_loc_buy,109.56,9628,0.0,116.0645,47508850.97,2110127.56
2026-04-29,BUY,LOC,star_loc_buy,117.97,8942,0.0,116.4407,46453805.0,2110127.56
2026-04-30,BUY,LOC,star_loc_buy,126.98,8307,0.0,118.074,45398823.91,2110127.56
2026-05-01,BUY,LOC,star_loc_buy,130.4,8089,0.0,119.6902,44343860.09,2110127.56
2026-05-04,BUY,LOC,star_loc_buy,127.55,8270,0.0,120.6193,43288863.37,2110127.56
2026-05-05,SELL,LOC,quarter_loc_sell,144.16,17490,406810.99,120.6193,45805305.12,2120297.84
2026-05-05,SELL,LIMIT,target_sell,144.74,52472,1250853.91,0.0,53385292.54,2151569.19
2026-05-06,BUY,LOC,avg_loc_buy,165.85,6485,0.0,165.85,52309593.96,2151569.19
2026-05-06,BUY,LOC,star_loc_buy,165.85,6485,0.0,165.85,51233895.38,2151569.19
2026-05-07,BUY,LOC,avg_loc_buy,152.1,7071,0.0,160.9986,50158234.96,2151569.19
2026-05-07,BUY,LOC,star_loc_buy,152.1,7071,0.0,158.6778,49082574.53,2151569.19
2026-05-08,BUY,LOC,star_loc_buy,176.94,6079,0.0,162.0226,48006794.93,2151569.19
2026-05-11,BUY,LOC,star_loc_buy,185.33,5803,0.0,165.4911,46931163.62,2151569.19
